concept;prefLabel;altLabel;relatedMatch;exactMatch
http://example.org/skos/ELB_concept_1;anthology;Antologia', 'antologiat', 'antologie';;https://aleph.nkp.cz/F/?func=find-c&local_base=aut&ccl_term=ica=ph118523', 'https://data.bn.org.pl/api/institutions/authorities.json?id=1000177', 'http://www.yso.fi/onto/yso/p10123', 'http://www.wikidata.org/entity/Q105420'
http://example.org/skos/ELB_concept_2;article;artikkeli', 'artikkelit', 'Artykuły', 'články';https://data.bn.org.pl/api/institutions/authorities.json?id=1000000693616', 'http://www.yso.fi/onto/yso/p18946', 'https://data.bn.org.pl/api/institutions/authorities.json?id=3581369', 'https://data.bn.org.pl/api/institutions/authorities.json?id=3020715', 'https://data.bn.org.pl/api/institutions/authorities.json?id=3581376', 'https://data.bn.org.pl/api/institutions/authorities.json?id=3596007', 'https://aleph.nkp.cz/F/?func=find-c&local_base=aut&ccl_term=ica=ph123338', 'https://data.bn.org.pl/api/institutions/authorities.json?id=3581371', 'https://aleph.nkp.cz/F/?func=find-c&local_base=aut&ccl_term=ica=ph128084', 'http://www.yso.fi/onto/yso/p1018', 'http://www.yso.fi/onto/yso/p20005', 'https://data.bn.org.pl/api/institutions/authorities.json?id=3595965', 'http://www.yso.fi/onto/yso/p10115', 'https://data.bn.org.pl/api/institutions/authorities.json?id=3595889', 'http://www.yso.fi/onto/yso/p20342', 'http://www.wikidata.org/entity/Q871232', 'http://www.wikidata.org/entity/Q30070590', 'http://www.wikidata.org/entity/Q5707594', 'http://www.wikidata.org/entity/Q267628', 'http://www.wikidata.org/entity/Q191067', 'http://www.wikidata.org/entity/Q10436275';https://aleph.nkp.cz/F/?func=find-c&local_base=aut&ccl_term=ica=ph128186', 'https://data.bn.org.pl/api/institutions/authorities.json?id=2272831', 'http://www.wikidata.org/entity/Q191067'
http://example.org/skos/ELB_concept_3;autobiographical literature;autobiografická literatura', 'Literatura autobiograficzna';;
http://example.org/skos/ELB_concept_4;autobiographical novel;Autobiografický román', 'Novela autobiográfica', 'omaelämäkerrallinen romaani', 'Powieść  autobiograficzna', 'Powieść autobiograficzna';;https://data.bn.org.pl/api/institutions/authorities.json?id=3643330'
http://example.org/skos/ELB_concept_5;autobiography;Autobiografia', 'Autobiografía', 'Autobiografías', 'autobiografie', 'Autobiografie', 'autobiographies', 'omaelämäkerrallisuus';;https://aleph.nkp.cz/F/?func=find-c&local_base=aut&ccl_term=ica=ph114096', 'https://data.bn.org.pl/api/institutions/authorities.json?id=3581528', 'http://www.yso.fi/onto/yso/p16155', 'http://www.wikidata.org/entity/Q4184'
http://example.org/skos/ELB_concept_6;ballad;balada', 'Baladas', 'ballads';https://aleph.nkp.cz/F/?func=find-c&local_base=aut&ccl_term=ica=ph138714', 'https://aleph.nkp.cz/F/?func=find-c&local_base=aut&ccl_term=ica=ph118731', 'https://aleph.nkp.cz/F/?func=find-c&local_base=aut&ccl_term=ica=ph222837', 'https://aleph.nkp.cz/F/?func=find-c&local_base=aut&ccl_term=ica=ph451052', 'https://data.bn.org.pl/api/institutions/authorities.json?id=3573418', 'http://www.yso.fi/onto/yso/p38458', 'http://www.wikidata.org/entity/Q1221179', 'http://www.wikidata.org/entity/Q116690343', 'http://www.wikidata.org/entity/Q241501', 'http://www.wikidata.org/entity/Q182659';
http://example.org/skos/ELB_concept_7;biographical literature;biografická literatura', 'literatura životopisná';;
http://example.org/skos/ELB_concept_8;biographical novel;biografické romány', 'elämäkertaromaanit', 'životopisné romány';;http://www.yso.fi/onto/yso/p17968', 'http://www.wikidata.org/entity/Q11163999', 'http://www.wikidata.org/entity/Q131539'
http://example.org/skos/ELB_concept_9;biography;Biografia', 'Biografía', 'Biografías', 'biografie', 'Biografie', 'biografistika', 'biography', 'elämäkerrat';https://data.bn.org.pl/api/institutions/authorities.json?id=1007271', 'https://data.bn.org.pl/api/institutions/authorities.json?id=1250305', 'https://data.bn.org.pl/api/institutions/authorities.json?id=3581397';http://www.yso.fi/onto/yso/p11597', 'https://aleph.nkp.cz/F/?func=find-c&local_base=aut&ccl_term=ica=ph114155', 'https://aleph.nkp.cz/F/?func=find-c&local_base=aut&ccl_term=ica=ph1017314', 'https://data.bn.org.pl/api/institutions/authorities.json?id=1000510', 'http://www.wikidata.org/entity/Q36279', 'http://www.wikidata.org/entity/Q9171867'
http://example.org/skos/ELB_concept_10;booklet;Broszura';;https://data.bn.org.pl/api/institutions/authorities.json?id=3742506'
http://example.org/skos/ELB_concept_11;catalog;Katalog', 'katalog';https://data.bn.org.pl/api/institutions/authorities.json?id=1002886', 'https://aleph.nkp.cz/F/?func=find-c&local_base=aut&ccl_term=ica=ph202208', 'https://aleph.nkp.cz/F/?func=find-c&local_base=aut&ccl_term=ica=ph137495', 'https://data.bn.org.pl/api/institutions/authorities.json?id=2467409', 'https://data.bn.org.pl/api/institutions/authorities.json?id=2375619', 'https://data.bn.org.pl/api/institutions/authorities.json?id=2434037', 'https://data.bn.org.pl/api/institutions/authorities.json?id=1190794', 'https://aleph.nkp.cz/F/?func=find-c&local_base=aut&ccl_term=ica=ph135450', 'https://data.bn.org.pl/api/institutions/authorities.json?id=1002882', 'https://aleph.nkp.cz/F/?func=find-c&local_base=aut&ccl_term=ica=ph397761', 'https://aleph.nkp.cz/F/?func=find-c&local_base=aut&ccl_term=ica=ph397760', 'https://data.bn.org.pl/api/institutions/authorities.json?id=2371203', 'https://data.bn.org.pl/api/institutions/authorities.json?id=2370396', 'http://www.wikidata.org/entity/Q47114558', 'http://www.wikidata.org/entity/Q1991865';https://data.bn.org.pl/api/institutions/authorities.json?id=1002878'
http://example.org/skos/ELB_concept_12;children's literature;dětská literatura', 'lastenkirjallisuus', 'Literatura dla dzieci', 'Literatura dziecięca', 'Literatura infantil';https://data.bn.org.pl/api/institutions/authorities.json?id=1003648', 'https://aleph.nkp.cz/F/?func=find-c&local_base=aut&ccl_term=ica=ph138316', 'https://datos.bne.es/tema/XX544201', 'https://aleph.nkp.cz/F/?func=find-c&local_base=aut&ccl_term=ica=ph119713', 'http://www.wikidata.org/entity/Q11163999', 'http://www.wikidata.org/entity/Q131539';https://aleph.nkp.cz/F/?func=find-c&local_base=aut&ccl_term=ica=ph572587', 'http://www.yso.fi/onto/yso/p4742', 'https://data.bn.org.pl/api/institutions/authorities.json?id=1003648'
http://example.org/skos/ELB_concept_13;children's literature, youth literature;;;
http://example.org/skos/ELB_concept_14;children's lyric;"""children's lyric""";;
http://example.org/skos/ELB_concept_15;children's novel;;;
http://example.org/skos/ELB_concept_16;children's poetry;dětská poezie', 'Poezja dziecięca';http://www.yso.fi/onto/yso/p12209';https://aleph.nkp.cz/F/?func=find-c&local_base=aut&ccl_term=ica=ph202218'
http://example.org/skos/ELB_concept_17;children's song;"""children's songs"", 'lastenlaulut'";https://aleph.nkp.cz/F/?func=find-c&local_base=aut&ccl_term=ica=ph321499', 'https://aleph.nkp.cz/F/?func=find-c&local_base=aut&ccl_term=ica=ph119736', 'http://www.wikidata.org/entity/Q493169';http://www.yso.fi/onto/yso/p18715', 'http://www.wikidata.org/entity/Q493169'
http://example.org/skos/ELB_concept_18;children's story;Opowiadanie dziecięce';;
http://example.org/skos/ELB_concept_19;comedy;Comedia', 'Comedias', 'Komedia', 'komediat', 'komedie', 'komiikka';http://www.yso.fi/onto/yso/p13352', 'https://aleph.nkp.cz/F/?func=find-c&local_base=aut&ccl_term=ica=ph120195', 'http://www.yso.fi/onto/yso/p19030', 'http://www.yso.fi/onto/yso/p9244', 'https://datos.bne.es/tema/XX530763', 'https://data.bn.org.pl/api/institutions/authorities.json?id=2270873', 'http://www.yso.fi/onto/yso/p27335', 'https://data.bn.org.pl/api/institutions/authorities.json?id=2202320', 'http://www.yso.fi/onto/yso/p9237', 'https://data.bn.org.pl/api/institutions/authorities.json?id=3801607', 'https://data.bn.org.pl/api/institutions/authorities.json?id=2522297', 'https://aleph.nkp.cz/F/?func=find-c&local_base=aut&ccl_term=ica=ph114536', 'http://www.yso.fi/onto/yso/p21691', 'https://data.bn.org.pl/api/institutions/authorities.json?id=3577422', 'http://www.wikidata.org/entity/Q860626', 'http://www.wikidata.org/entity/Q170238', 'http://www.wikidata.org/entity/Q157443', 'http://www.wikidata.org/entity/Q11894225', 'http://www.wikidata.org/entity/Q58209506', 'http://www.wikidata.org/entity/Q145806';https://data.bn.org.pl/api/institutions/authorities.json?id=1003028', 'https://aleph.nkp.cz/F/?func=find-c&local_base=aut&ccl_term=ica=ph121740', 'http://www.yso.fi/onto/yso/p9237', 'http://www.yso.fi/onto/yso/p13876', 'http://www.wikidata.org/entity/Q58209506''http://www.wikidata.org/entity/Q40831'
http://example.org/skos/ELB_concept_20;comic book;;https://data.bn.org.pl/api/institutions/authorities.json?id=3643842', 'https://data.bn.org.pl/api/institutions/authorities.json?id=3648018', 'http://www.yso.fi/onto/yso/p15468', 'https://data.bn.org.pl/api/institutions/authorities.json?id=35832800', 'https://data.bn.org.pl/api/institutions/authorities.json?id=3648020', 'https://data.bn.org.pl/api/institutions/authorities.json?id=1003031', 'https://data.bn.org.pl/api/institutions/authorities.json?id=3643835', 'http://www.yso.fi/onto/yso/p22260', 'http://www.wikidata.org/entity/Q1114461', 'http://www.wikidata.org/entity/Q1760610';
http://example.org/skos/ELB_concept_21;crime literature;kriminální literatura';http://www.yso.fi/onto/yso/p5088', 'http://www.wikidata.org/entity/Q5937792';
http://example.org/skos/ELB_concept_22;crime novel;rikosromaanit';;
http://example.org/skos/ELB_concept_23;crime story;;;
http://example.org/skos/ELB_concept_24;detective literature;Literatura detektywistyczna';https://aleph.nkp.cz/F/?func=find-c&local_base=aut&ccl_term=ica=ph119402', 'http://www.yso.fi/onto/yso/p5086', 'http://www.wikidata.org/entity/Q186424', 'http://www.wikidata.org/entity/Q20665028';
http://example.org/skos/ELB_concept_25;detective novel;salapoliisiromaani', 'salapoliisiromaani t', 'salapoliisiromaanit';;
http://example.org/skos/ELB_concept_26;detective story;detective stories', 'detective story', 'detektivky';;
http://example.org/skos/ELB_concept_27;diary;deníky', 'diáře', 'päiväkirjat', 'Pamiętnik';https://data.bn.org.pl/api/institutions/authorities.json?id=1007271', 'https://data.bn.org.pl/api/institutions/authorities.json?id=1000000024602', 'http://www.yso.fi/onto/yso/p17967', 'http://www.yso.fi/onto/yso/p5104', 'http://www.wikidata.org/entity/Q11885722';https://aleph.nkp.cz/F/?func=find-c&local_base=aut&ccl_term=ica=ph321898', 'https://aleph.nkp.cz/F/?func=find-c&local_base=aut&ccl_term=ica=ph1016588', 'http://www.yso.fi/onto/yso/p2717', 'http://www.wikidata.org/entity/Q4174106', 'http://www.wikidata.org/entity/Q185598'
http://example.org/skos/ELB_concept_28;digital literature;digitaalinen kirjallisuus', 'digitální literatura';;
http://example.org/skos/ELB_concept_29;drama;draama', 'drama', 'Dramat';https://data.bn.org.pl/api/institutions/authorities.json?id=3637387', 'https://aleph.nkp.cz/F/?func=find-c&local_base=aut&ccl_term=ica=ph122208', 'https://aleph.nkp.cz/F/?func=find-c&local_base=aut&ccl_term=ica=ph608671', 'https://aleph.nkp.cz/F/?func=find-c&local_base=aut&ccl_term=ica=ph120070', 'https://data.bn.org.pl/api/institutions/authorities.json?id=1001129', 'https://aleph.nkp.cz/F/?func=find-c&local_base=aut&ccl_term=ica=ph214708', 'https://aleph.nkp.cz/F/?func=find-c&local_base=aut&ccl_term=ica=ph128269', 'http://www.yso.fi/onto/yso/p15814', 'https://aleph.nkp.cz/F/?func=find-c&local_base=aut&ccl_term=ica=ph538778', 'https://aleph.nkp.cz/F/?func=find-c&local_base=aut&ccl_term=ica=ph198679', 'http://www.yso.fi/onto/yso/p27510', 'https://data.bn.org.pl/api/institutions/authorities.json?id=2701431', 'https://aleph.nkp.cz/F/?func=find-c&local_base=aut&ccl_term=ica=ph262186', 'https://aleph.nkp.cz/F/?func=find-c&local_base=aut&ccl_term=ica=ph125015', 'https://data.bn.org.pl/api/institutions/authorities.json?id=36063228', 'https://aleph.nkp.cz/F/?func=find-c&local_base=aut&ccl_term=ica=ph128178', 'https://aleph.nkp.cz/F/?func=find-c&local_base=aut&ccl_term=ica=ph489483', 'http://www.yso.fi/onto/yso/p20480', 'https://aleph.nkp.cz/F/?func=find-c&local_base=aut&ccl_term=ica=ph514339', 'https://data.bn.org.pl/api/institutions/authorities.json?id=1809443', 'https://aleph.nkp.cz/F/?func=find-c&local_base=aut&ccl_term=ica=ph118377', 'https://aleph.nkp.cz/F/?func=find-c&local_base=aut&ccl_term=ica=ph286373', 'https://aleph.nkp.cz/F/?func=find-c&local_base=aut&ccl_term=ica=ph118436', 'http://www.yso.fi/onto/yso/p5666', 'https://aleph.nkp.cz/F/?func=find-c&local_base=aut&ccl_term=ica=ph187620', 'https://aleph.nkp.cz/F/?func=find-c&local_base=aut&ccl_term=ica=ph128179', 'http://www.yso.fi/onto/yso/p21866', 'https://aleph.nkp.cz/F/?func=find-c&local_base=aut&ccl_term=ica=ph122700', 'http://www.yso.fi/onto/yso/p26500', 'http://www.yso.fi/onto/yso/p37992', 'https://aleph.nkp.cz/F/?func=find-c&local_base=aut&ccl_term=ica=ph125668', 'https://aleph.nkp.cz/F/?func=find-c&local_base=aut&ccl_term=ica=ph202219', 'https://aleph.nkp.cz/F/?func=find-c&local_base=aut&ccl_term=ica=ph318997', 'https://aleph.nkp.cz/F/?func=find-c&local_base=aut&ccl_term=ica=ph890118', 'https://aleph.nkp.cz/F/?func=find-c&local_base=aut&ccl_term=ica=ph126236', 'https://aleph.nkp.cz/F/?func=find-c&local_base=aut&ccl_term=ica=ph541633', 'https://aleph.nkp.cz/F/?func=find-c&local_base=aut&ccl_term=ica=ph171144', 'https://aleph.nkp.cz/F/?func=find-c&local_base=aut&ccl_term=ica=ph121359', 'https://aleph.nkp.cz/F/?func=find-c&local_base=aut&ccl_term=ica=ph121859', 'https://aleph.nkp.cz/F/?func=find-c&local_base=aut&ccl_term=ica=ph124290', 'https://aleph.nkp.cz/F/?func=find-c&local_base=aut&ccl_term=ica=ph184252', 'https://data.bn.org.pl/api/institutions/authorities.json?id=2174012', 'https://aleph.nkp.cz/F/?func=find-c&local_base=aut&ccl_term=ica=ph553919', 'https://aleph.nkp.cz/F/?func=find-c&local_base=aut&ccl_term=ica=ph191053', 'https://aleph.nkp.cz/F/?func=find-c&local_base=aut&ccl_term=ica=ph120347', 'https://aleph.nkp.cz/F/?func=find-c&local_base=aut&ccl_term=ica=ph191902', 'https://aleph.nkp.cz/F/?func=find-c&local_base=aut&ccl_term=ica=ph175746', 'https://aleph.nkp.cz/F/?func=find-c&local_base=aut&ccl_term=ica=ph123326', 'https://aleph.nkp.cz/F/?func=find-c&local_base=aut&ccl_term=ica=ph118555', 'https://aleph.nkp.cz/F/?func=find-c&local_base=aut&ccl_term=ica=ph233627', 'https://aleph.nkp.cz/F/?func=find-c&local_base=aut&ccl_term=ica=ph269113', 'https://aleph.nkp.cz/F/?func=find-c&local_base=aut&ccl_term=ica=ph121240', 'https://aleph.nkp.cz/F/?func=find-c&local_base=aut&ccl_term=ica=ph121296', 'https://aleph.nkp.cz/F/?func=find-c&local_base=aut&ccl_term=ica=ph294134', 'http://www.yso.fi/onto/yso/p21867', 'https://aleph.nkp.cz/F/?func=find-c&local_base=aut&ccl_term=ica=ph281909', 'https://aleph.nkp.cz/F/?func=find-c&local_base=aut&ccl_term=ica=ph803833', 'http://www.yso.fi/onto/yso/p20873', 'https://aleph.nkp.cz/F/?func=find-c&local_base=aut&ccl_term=ica=ph125121', 'https://aleph.nkp.cz/F/?func=find-c&local_base=aut&ccl_term=ica=ph191062', 'https://aleph.nkp.cz/F/?func=find-c&local_base=aut&ccl_term=ica=ph168240', 'https://aleph.nkp.cz/F/?func=find-c&local_base=aut&ccl_term=ica=ph120900', 'https://data.bn.org.pl/api/institutions/authorities.json?id=1023135', 'https://aleph.nkp.cz/F/?func=find-c&local_base=aut&ccl_term=ica=ph202916', 'https://aleph.nkp.cz/F/?func=find-c&local_base=aut&ccl_term=ica=ph114196', 'https://aleph.nkp.cz/F/?func=find-c&local_base=aut&ccl_term=ica=ph930161', 'https://aleph.nkp.cz/F/?func=find-c&local_base=aut&ccl_term=ica=ph114054', 'http://www.yso.fi/onto/yso/p11844', 'https://aleph.nkp.cz/F/?func=find-c&local_base=aut&ccl_term=ica=ph128247', 'https://aleph.nkp.cz/F/?func=find-c&local_base=aut&ccl_term=ica=ph118799', 'https://aleph.nkp.cz/F/?func=find-c&local_base=aut&ccl_term=ica=ph136570', 'https://aleph.nkp.cz/F/?func=find-c&local_base=aut&ccl_term=ica=ph123468', 'http://www.yso.fi/onto/yso/p25594', 'https://aleph.nkp.cz/F/?func=find-c&local_base=aut&ccl_term=ica=ph123506', 'https://aleph.nkp.cz/F/?func=find-c&local_base=aut&ccl_term=ica=ph281914', 'https://aleph.nkp.cz/F/?func=find-c&local_base=aut&ccl_term=ica=ph125690', 'https://aleph.nkp.cz/F/?func=find-c&local_base=aut&ccl_term=ica=ph224808', 'https://aleph.nkp.cz/F/?func=find-c&local_base=aut&ccl_term=ica=ph746347', 'https://aleph.nkp.cz/F/?func=find-c&local_base=aut&ccl_term=ica=ph128137', 'https://aleph.nkp.cz/F/?func=find-c&local_base=aut&ccl_term=ica=ph201914', 'https://aleph.nkp.cz/F/?func=find-c&local_base=aut&ccl_term=ica=ph198680', 'https://aleph.nkp.cz/F/?func=find-c&local_base=aut&ccl_term=ica=ph136863', 'https://aleph.nkp.cz/F/?func=find-c&local_base=aut&ccl_term=ica=ph656717', 'https://data.bn.org.pl/api/institutions/authorities.json?id=1208642', 'https://aleph.nkp.cz/F/?func=find-c&local_base=aut&ccl_term=ica=ph413860', 'https://aleph.nkp.cz/F/?func=find-c&local_base=aut&ccl_term=ica=ph125301', 'https://aleph.nkp.cz/F/?func=find-c&local_base=aut&ccl_term=ica=ph120369', 'https://aleph.nkp.cz/F/?func=find-c&local_base=aut&ccl_term=ica=ph550958', 'https://aleph.nkp.cz/F/?func=find-c&local_base=aut&ccl_term=ica=ph162921', 'https://aleph.nkp.cz/F/?func=find-c&local_base=aut&ccl_term=ica=ph114794', 'https://aleph.nkp.cz/F/?func=find-c&local_base=aut&ccl_term=ica=ph303255', 'http://www.yso.fi/onto/yso/p6422', 'http://www.yso.fi/onto/yso/p12891', 'http://www.yso.fi/onto/yso/p14634', 'http://www.wikidata.org/entity/Q2635894', 'http://www.wikidata.org/entity/Q4065157', 'http://www.wikidata.org/entity/Q115156526', 'http://www.wikidata.org/entity/Q2247727', 'http://www.wikidata.org/entity/Q2527498', 'http://www.wikidata.org/entity/Q62066928', 'http://www.wikidata.org/entity/Q25379', 'http://www.wikidata.org/entity/Q7168625', 'http://www.wikidata.org/entity/Q110593089', 'http://www.wikidata.org/entity/Q482612', 'http://www.wikidata.org/entity/Q112787492', 'http://www.wikidata.org/entity/Q4781537', 'http://www.wikidata.org/entity/Q191489', 'http://www.wikidata.org/entity/Q39894018', 'http://www.wikidata.org/entity/Q11856314', 'http://www.wikidata.org/entity/Q6188035', 'http://www.wikidata.org/entity/Q115135883', 'http://www.wikidata.org/entity/Q115156383', 'http://www.wikidata.org/entity/Q130232';https://aleph.nkp.cz/F/?func=find-c&local_base=aut&ccl_term=ica=ph119598', 'http://www.wikidata.org/entity/Q25372'
http://example.org/skos/ELB_concept_30;dramatic;;http://www.yso.fi/onto/yso/p38371', 'https://aleph.nkp.cz/F/?func=find-c&local_base=aut&ccl_term=ica=ph119602', 'https://aleph.nkp.cz/F/?func=find-c&local_base=aut&ccl_term=ica=ph191060', 'https://aleph.nkp.cz/F/?func=find-c&local_base=aut&ccl_term=ica=ph119500', 'https://aleph.nkp.cz/F/?func=find-c&local_base=aut&ccl_term=ica=ph1063864', 'https://aleph.nkp.cz/F/?func=find-c&local_base=aut&ccl_term=ica=ph125443', 'https://aleph.nkp.cz/F/?func=find-c&local_base=aut&ccl_term=ica=ph119603', 'http://www.wikidata.org/entity/Q1147752', 'http://www.wikidata.org/entity/Q115156384', 'http://www.wikidata.org/entity/Q2416230', 'http://www.wikidata.org/entity/Q7777494', 'http://www.wikidata.org/entity/Q2339879';
http://example.org/skos/ELB_concept_31;electronic literature;elektronická literatura', 'Literatura elektroniczna';;https://data.bn.org.pl/api/institutions/authorities.json?id=2897866'
http://example.org/skos/ELB_concept_32;epic;epics', 'epopej', 'epopeje', 'eposy';http://www.yso.fi/onto/yso/p6478', 'https://data.bn.org.pl/api/institutions/authorities.json?id=1001432', 'http://www.yso.fi/onto/yso/p28550', 'http://www.yso.fi/onto/yso/p932', 'http://www.wikidata.org/entity/Q1521512', 'http://www.wikidata.org/entity/Q722600', 'http://www.wikidata.org/entity/Q37484';
http://example.org/skos/ELB_concept_33;epic poetry;Poesía épica';https://data.bn.org.pl/api/institutions/authorities.json?id=3833787', 'https://data.bn.org.pl/api/institutions/authorities.json?id=3833781', 'https://data.bn.org.pl/api/institutions/authorities.json?id=2550940', 'https://data.bn.org.pl/api/institutions/authorities.json?id=1019807', 'https://data.bn.org.pl/api/institutions/authorities.json?id=1000000000783', 'https://data.bn.org.pl/api/institutions/authorities.json?id=3705222', 'https://data.bn.org.pl/api/institutions/authorities.json?id=3592502', 'https://data.bn.org.pl/api/institutions/authorities.json?id=1010764';
http://example.org/skos/ELB_concept_34;epistolary novel;kirjeromaanit';;http://www.yso.fi/onto/yso/p16719'
http://example.org/skos/ELB_concept_35;erotic literature;erotická literatura', 'Literatura erótica';http://www.yso.fi/onto/yso/p28097', 'http://www.wikidata.org/entity/Q747483';https://aleph.nkp.cz/F/?func=find-c&local_base=aut&ccl_term=ica=ph119987', 'http://www.wikidata.org/entity/Q747483'
http://example.org/skos/ELB_concept_36;erotic novel;Powieść erotyczna', 'román erotický';;https://data.bn.org.pl/api/institutions/authorities.json?id=2720992'
http://example.org/skos/ELB_concept_37;erotic poetry;erotická poezie';https://data.bn.org.pl/api/institutions/authorities.json?id=3727395';https://aleph.nkp.cz/F/?func=find-c&local_base=aut&ccl_term=ica=ph202226', 'http://www.wikidata.org/entity/Q56239988'
http://example.org/skos/ELB_concept_38;essay;Ensayos', 'Esej', 'esej', 'eseje', 'Eseje';https://data.bn.org.pl/api/institutions/authorities.json?id=1000000026492', 'https://aleph.nkp.cz/F/?func=find-c&local_base=aut&ccl_term=ica=ph965037', 'https://aleph.nkp.cz/F/?func=find-c&local_base=aut&ccl_term=ica=ph262208', 'https://aleph.nkp.cz/F/?func=find-c&local_base=aut&ccl_term=ica=ph323741', 'https://aleph.nkp.cz/F/?func=find-c&local_base=aut&ccl_term=ica=ph138463', 'http://www.yso.fi/onto/yso/p19188', 'https://aleph.nkp.cz/F/?func=find-c&local_base=aut&ccl_term=ica=ph122715', 'http://www.yso.fi/onto/yso/p9617', 'https://aleph.nkp.cz/F/?func=find-c&local_base=aut&ccl_term=ica=ph138517', 'https://aleph.nkp.cz/F/?func=find-c&local_base=aut&ccl_term=ica=ph265662', 'https://aleph.nkp.cz/F/?func=find-c&local_base=aut&ccl_term=ica=ph241941', 'https://aleph.nkp.cz/F/?func=find-c&local_base=aut&ccl_term=ica=ph233629', 'https://aleph.nkp.cz/F/?func=find-c&local_base=aut&ccl_term=ica=ph335993', 'https://aleph.nkp.cz/F/?func=find-c&local_base=aut&ccl_term=ica=ph702821', 'https://aleph.nkp.cz/F/?func=find-c&local_base=aut&ccl_term=ica=ph296982', 'https://aleph.nkp.cz/F/?func=find-c&local_base=aut&ccl_term=ica=ph265660', 'https://aleph.nkp.cz/F/?func=find-c&local_base=aut&ccl_term=ica=ph138478', 'http://www.wikidata.org/entity/Q109245636', 'http://www.wikidata.org/entity/Q35760';https://data.bn.org.pl/api/institutions/authorities.json?id=35873784', 'https://aleph.nkp.cz/F/?func=find-c&local_base=aut&ccl_term=ica=ph203855', 'http://www.wikidata.org/entity/Q35760'
http://example.org/skos/ELB_concept_39;fable;bajky', 'Fábulas';https://aleph.nkp.cz/F/?func=find-c&local_base=aut&ccl_term=ica=ph215918', 'http://www.yso.fi/onto/yso/p15906', 'https://aleph.nkp.cz/F/?func=find-c&local_base=aut&ccl_term=ica=ph118726', 'http://www.wikidata.org/entity/Q693';
http://example.org/skos/ELB_concept_40;fairy tale;Baśń', 'Cuentos de hadas', 'pohádky', 'sadut';https://aleph.nkp.cz/F/?func=find-c&local_base=aut&ccl_term=ica=ph249609', 'https://aleph.nkp.cz/F/?func=find-c&local_base=aut&ccl_term=ica=ph553923', 'http://www.yso.fi/onto/yso/p6673', 'https://aleph.nkp.cz/F/?func=find-c&local_base=aut&ccl_term=ica=ph128144', 'https://aleph.nkp.cz/F/?func=find-c&local_base=aut&ccl_term=ica=ph288772', 'https://aleph.nkp.cz/F/?func=find-c&local_base=aut&ccl_term=ica=ph217885', 'https://aleph.nkp.cz/F/?func=find-c&local_base=aut&ccl_term=ica=ph118712', 'https://aleph.nkp.cz/F/?func=find-c&local_base=aut&ccl_term=ica=ph120074', 'https://aleph.nkp.cz/F/?func=find-c&local_base=aut&ccl_term=ica=ph196687', 'https://aleph.nkp.cz/F/?func=find-c&local_base=aut&ccl_term=ica=ph121564', 'https://aleph.nkp.cz/F/?func=find-c&local_base=aut&ccl_term=ica=ph351783', 'https://aleph.nkp.cz/F/?func=find-c&local_base=aut&ccl_term=ica=ph203885', 'https://aleph.nkp.cz/F/?func=find-c&local_base=aut&ccl_term=ica=ph121300', 'https://aleph.nkp.cz/F/?func=find-c&local_base=aut&ccl_term=ica=ph545375', 'https://data.bn.org.pl/api/institutions/authorities.json?id=2513298', 'https://data.bn.org.pl/api/institutions/authorities.json?id=1000341', 'https://data.bn.org.pl/api/institutions/authorities.json?id=2270882', 'https://aleph.nkp.cz/F/?func=find-c&local_base=aut&ccl_term=ica=ph120199', 'https://aleph.nkp.cz/F/?func=find-c&local_base=aut&ccl_term=ica=ph525176', 'https://aleph.nkp.cz/F/?func=find-c&local_base=aut&ccl_term=ica=ph161982', 'http://www.yso.fi/onto/yso/p18228', 'https://aleph.nkp.cz/F/?func=find-c&local_base=aut&ccl_term=ica=ph123515', 'https://aleph.nkp.cz/F/?func=find-c&local_base=aut&ccl_term=ica=ph274682', 'http://www.wikidata.org/entity/Q1747998', 'http://www.wikidata.org/entity/Q2349495';http://www.yso.fi/onto/yso/p15564', 'https://aleph.nkp.cz/F/?func=find-c&local_base=aut&ccl_term=ica=ph124208'
http://example.org/skos/ELB_concept_41;family saga;;http://www.yso.fi/onto/yso/p16059', 'http://www.wikidata.org/entity/Q2802102';
http://example.org/skos/ELB_concept_42;fantastic literature;;;
http://example.org/skos/ELB_concept_43;fantastic novel;Novela fantástica', 'Powieść fantastyczna', 'román fantastický';;
http://example.org/skos/ELB_concept_44;fantastic story;;;
http://example.org/skos/ELB_concept_45;fantasy literature;fantasiakirjallisuus', 'fantasy literatura', 'Literatura fantastyczna';https://data.bn.org.pl/api/institutions/authorities.json?id=1001535';https://aleph.nkp.cz/F/?func=find-c&local_base=aut&ccl_term=ica=ph120132', 'http://www.yso.fi/onto/yso/p14840', 'http://www.wikidata.org/entity/Q1057172'
http://example.org/skos/ELB_concept_46;fantasy novel;fantasiaromaanit', 'fantasy novela';;https://aleph.nkp.cz/F/?func=find-c&local_base=aut&ccl_term=ica=ph882557', 'http://www.wikidata.org/entity/Q59342621'
http://example.org/skos/ELB_concept_47;folk drama;folk drama', 'lidové drama';;
http://example.org/skos/ELB_concept_48;folk literature;kansankirjallisuus', 'lidová literatura', 'lidová slovesnost', 'lidové písemnictví', 'literatura lidová', 'Literatura ludowa', 'literatury lidová';https://data.bn.org.pl/api/institutions/authorities.json?id=1003723';https://aleph.nkp.cz/F/?func=find-c&local_base=aut&ccl_term=ica=ph122308', 'https://data.bn.org.pl/api/institutions/authorities.json?id=10037196', 'http://www.wikidata.org/entity/Q986539'
http://example.org/skos/ELB_concept_49;folk novel;román lidový';;
http://example.org/skos/ELB_concept_50;folk poetry;lidová poesie', 'lidová poezie', 'poesie lidová';http://www.yso.fi/onto/yso/p28767', 'http://www.yso.fi/onto/yso/p25677', 'https://aleph.nkp.cz/F/?func=find-c&local_base=aut&ccl_term=ica=ph216762', 'http://www.yso.fi/onto/yso/p28314', 'http://www.yso.fi/onto/yso/p1363', 'http://www.yso.fi/onto/yso/p1361', 'http://www.wikidata.org/entity/Q5643057';https://aleph.nkp.cz/F/?func=find-c&local_base=aut&ccl_term=ica=ph122307', 'http://www.wikidata.org/entity/Q5643057'
http://example.org/skos/ELB_concept_51;folk song;folk songs', 'folkové písně', 'kansanlaulut', 'lidová píseň', 'lidové písně', 'píseň lidová', 'písně lidové';https://aleph.nkp.cz/F/?func=find-c&local_base=aut&ccl_term=ica=ph119196', 'https://aleph.nkp.cz/F/?func=find-c&local_base=aut&ccl_term=ica=ph320467', 'https://aleph.nkp.cz/F/?func=find-c&local_base=aut&ccl_term=ica=ph320468', 'https://aleph.nkp.cz/F/?func=find-c&local_base=aut&ccl_term=ica=ph125670', 'https://data.bn.org.pl/api/institutions/authorities.json?id=1230516', 'https://aleph.nkp.cz/F/?func=find-c&local_base=aut&ccl_term=ica=ph320417', 'https://aleph.nkp.cz/F/?func=find-c&local_base=aut&ccl_term=ica=ph333381', 'https://aleph.nkp.cz/F/?func=find-c&local_base=aut&ccl_term=ica=ph320428', 'https://aleph.nkp.cz/F/?func=find-c&local_base=aut&ccl_term=ica=ph224500', 'https://aleph.nkp.cz/F/?func=find-c&local_base=aut&ccl_term=ica=ph128141', 'https://aleph.nkp.cz/F/?func=find-c&local_base=aut&ccl_term=ica=ph138777', 'http://www.wikidata.org/entity/Q12274303', 'http://www.wikidata.org/entity/Q4470542', 'http://www.wikidata.org/entity/Q108821603';http://www.yso.fi/onto/yso/p2842', 'https://aleph.nkp.cz/F/?func=find-c&local_base=aut&ccl_term=ica=ph224335', 'https://aleph.nkp.cz/F/?func=find-c&local_base=aut&ccl_term=ica=ph122317'
http://example.org/skos/ELB_concept_52;folk story;;http://www.yso.fi/onto/yso/p7686', 'http://www.yso.fi/onto/yso/p3505', 'http://www.wikidata.org/entity/Q1221280', 'http://www.wikidata.org/entity/Q189349';
http://example.org/skos/ELB_concept_53;gothic novel;goottilaiset romaanit';;http://www.yso.fi/onto/yso/p25657'
http://example.org/skos/ELB_concept_54;graphic novel;Novelas gráficas', 'Powieść graficzna';http://www.yso.fi/onto/yso/p21268', 'http://www.wikidata.org/entity/Q725377';https://data.bn.org.pl/api/institutions/authorities.json?id=3287146'
http://example.org/skos/ELB_concept_55;historical fiction;;https://aleph.nkp.cz/F/?func=find-c&local_base=aut&ccl_term=ica=ph119169', 'http://www.wikidata.org/entity/Q192239';
http://example.org/skos/ELB_concept_56;historical literature;historická literatura';;
http://example.org/skos/ELB_concept_57;historical novel;historiallinen romaani', 'historialliset romaanit', 'historická novela', 'historické romány', 'Novela histórica', 'Novelas históricas', 'Powieść historyczna', 'román historický';;https://aleph.nkp.cz/F/?func=find-c&local_base=aut&ccl_term=ica=ph196663', 'https://data.bn.org.pl/api/institutions/authorities.json?id=1013231', 'http://www.yso.fi/onto/yso/p17377', 'http://www.wikidata.org/entity/Q192239'
http://example.org/skos/ELB_concept_58;historical story;povídka historická';;
http://example.org/skos/ELB_concept_59;horror literature;kauhukirjallisuus', 'Literatura grozy', 'horor (literatura)';;https://aleph.nkp.cz/F/?func=find-c&local_base=aut&ccl_term=ica=ph200842', 'https://data.bn.org.pl/api/institutions/authorities.json?id=2429252', 'http://www.yso.fi/onto/yso/p15087', 'http://www.wikidata.org/entity/Q193606'
http://example.org/skos/ELB_concept_60;horror novel;Powieść grozy';https://data.bn.org.pl/api/institutions/authorities.json?id=2488690';https://data.bn.org.pl/api/institutions/authorities.json?id=1201230'
http://example.org/skos/ELB_concept_61;horror story;Cuentos de terror', 'Horror stories';;
http://example.org/skos/ELB_concept_62;iconography;Ikonografia', 'ikonografia', 'ikonografie';;https://aleph.nkp.cz/F/?func=find-c&local_base=aut&ccl_term=ica=ph121030', 'http://www.yso.fi/onto/yso/p3744', 'http://www.wikidata.org/entity/Q208145'
http://example.org/skos/ELB_concept_63;interview;Entrevistas', 'haastattelut', 'interview', 'Wywiad';https://data.bn.org.pl/api/institutions/authorities.json?id=1012303', 'http://www.yso.fi/onto/yso/p10632', 'https://aleph.nkp.cz/F/?func=find-c&local_base=aut&ccl_term=ica=ph218071', 'https://data.bn.org.pl/api/institutions/authorities.json?id=3581480', 'http://www.yso.fi/onto/yso/p23022', 'http://www.yso.fi/onto/yso/p27247', 'http://www.yso.fi/onto/yso/p24491', 'http://www.yso.fi/onto/yso/p22070', 'http://www.wikidata.org/entity/Q12318532', 'http://www.wikidata.org/entity/Q850171', 'http://www.wikidata.org/entity/Q178651';http://www.yso.fi/onto/yso/p17111', 'http://www.wikidata.org/entity/Q5098270'
http://example.org/skos/ELB_concept_64;legend;legenda', 'legendat', 'legends', 'Legendy', 'legendy', 'Leyendas', 'Legends';https://aleph.nkp.cz/F/?func=find-c&local_base=aut&ccl_term=ica=ph553921', 'https://aleph.nkp.cz/F/?func=find-c&local_base=aut&ccl_term=ica=ph126238', 'https://aleph.nkp.cz/F/?func=find-c&local_base=aut&ccl_term=ica=ph126021', 'https://aleph.nkp.cz/F/?func=find-c&local_base=aut&ccl_term=ica=ph126866', 'https://aleph.nkp.cz/F/?func=find-c&local_base=aut&ccl_term=ica=ph125633', 'https://aleph.nkp.cz/F/?func=find-c&local_base=aut&ccl_term=ica=ph126041', 'https://aleph.nkp.cz/F/?func=find-c&local_base=aut&ccl_term=ica=ph550785', 'https://aleph.nkp.cz/F/?func=find-c&local_base=aut&ccl_term=ica=ph125673', 'https://data.bn.org.pl/api/institutions/authorities.json?id=1003476', 'https://aleph.nkp.cz/F/?func=find-c&local_base=aut&ccl_term=ica=ph124458', 'https://aleph.nkp.cz/F/?func=find-c&local_base=aut&ccl_term=ica=ph128004', 'https://aleph.nkp.cz/F/?func=find-c&local_base=aut&ccl_term=ica=ph122980', 'https://aleph.nkp.cz/F/?func=find-c&local_base=aut&ccl_term=ica=ph139246', 'https://aleph.nkp.cz/F/?func=find-c&local_base=aut&ccl_term=ica=ph138784', 'https://aleph.nkp.cz/F/?func=find-c&local_base=aut&ccl_term=ica=ph128000', 'http://www.yso.fi/onto/yso/p19305', 'https://aleph.nkp.cz/F/?func=find-c&local_base=aut&ccl_term=ica=ph125209', 'https://data.bn.org.pl/api/institutions/authorities.json?id=1003478', 'http://www.yso.fi/onto/yso/p14345', 'https://aleph.nkp.cz/F/?func=find-c&local_base=aut&ccl_term=ica=ph122210', 'https://aleph.nkp.cz/F/?func=find-c&local_base=aut&ccl_term=ica=ph123516', 'https://aleph.nkp.cz/F/?func=find-c&local_base=aut&ccl_term=ica=ph138782', 'http://www.yso.fi/onto/yso/p10423', 'http://www.yso.fi/onto/yso/p28783', 'https://aleph.nkp.cz/F/?func=find-c&local_base=aut&ccl_term=ica=ph168247', 'https://aleph.nkp.cz/F/?func=find-c&local_base=aut&ccl_term=ica=ph314797', 'https://aleph.nkp.cz/F/?func=find-c&local_base=aut&ccl_term=ica=ph118455', 'https://aleph.nkp.cz/F/?func=find-c&local_base=aut&ccl_term=ica=ph128145', 'https://data.bn.org.pl/api/institutions/authorities.json?id=2784932', 'http://www.wikidata.org/entity/Q3482695', 'http://www.wikidata.org/entity/Q44342', 'http://www.wikidata.org/entity/Q189349';https://aleph.nkp.cz/F/?func=find-c&local_base=aut&ccl_term=ica=ph139247', 'http://www.yso.fi/onto/yso/p4989', 'http://www.wikidata.org/entity/Q44342'
http://example.org/skos/ELB_concept_65;letter;dopisy', 'kirjeet', 'Listy', 'LIsty', 'písmena';https://data.bn.org.pl/api/institutions/authorities.json?id=1243101', 'https://data.bn.org.pl/api/institutions/authorities.json?id=3582034', 'https://aleph.nkp.cz/F/?func=find-c&local_base=aut&ccl_term=ica=ph323747', 'http://www.yso.fi/onto/yso/p2104', 'http://www.yso.fi/onto/yso/p21796', 'http://www.yso.fi/onto/yso/p24007', 'https://aleph.nkp.cz/F/?func=find-c&local_base=aut&ccl_term=ica=ph139261', 'https://data.bn.org.pl/api/institutions/authorities.json?id=1003568', 'https://aleph.nkp.cz/F/?func=find-c&local_base=aut&ccl_term=ica=ph349181', 'https://datos.bne.es/tema/XX5534564', 'https://aleph.nkp.cz/F/?func=find-c&local_base=aut&ccl_term=ica=ph139061', 'https://aleph.nkp.cz/F/?func=find-c&local_base=aut&ccl_term=ica=ph360290', 'http://www.yso.fi/onto/yso/p11694', 'https://aleph.nkp.cz/F/?func=find-c&local_base=aut&ccl_term=ica=ph115975', 'https://aleph.nkp.cz/F/?func=find-c&local_base=aut&ccl_term=ica=ph407299', 'http://www.yso.fi/onto/yso/p16840', 'https://datos.bne.es/tema/XX550086', 'https://data.bn.org.pl/api/institutions/authorities.json?id=1003569', 'http://www.yso.fi/onto/yso/p8645', 'https://aleph.nkp.cz/F/?func=find-c&local_base=aut&ccl_term=ica=ph258271', 'http://www.wikidata.org/entity/Q98912', 'http://www.wikidata.org/entity/Q1056617', 'http://www.wikidata.org/entity/Q9788', 'http://www.wikidata.org/entity/Q20058025', 'http://www.wikidata.org/entity/Q59908', 'http://www.wikidata.org/entity/Q10922451', 'http://www.wikidata.org/entity/Q371008', 'http://www.wikidata.org/entity/Q148443', 'http://www.wikidata.org/entity/Q651270';http://www.yso.fi/onto/yso/p8646', 'https://data.bn.org.pl/api/institutions/authorities.json?id=1003567', 'https://aleph.nkp.cz/F/?func=find-c&local_base=aut&ccl_term=ica=ph276422', 'https://aleph.nkp.cz/F/?func=find-c&local_base=aut&ccl_term=ica=ph119563', 'http://www.wikidata.org/entity/Q133492', 'http://www.wikidata.org/entity/Q9788'
http://example.org/skos/ELB_concept_66;limeric;Limeryki';;https://data.bn.org.pl/api/institutions/authorities.json?id=1011980'
http://example.org/skos/ELB_concept_67;literary miniature;;;
http://example.org/skos/ELB_concept_68;love poetry;milostná poezie', 'Poesía amorosa';http://www.yso.fi/onto/yso/p14766';https://aleph.nkp.cz/F/?func=find-c&local_base=aut&ccl_term=ica=ph217893', 'http://www.wikidata.org/entity/Q10296750'
http://example.org/skos/ELB_concept_69;lyric;lyric';http://www.yso.fi/onto/yso/p7177', 'http://www.yso.fi/onto/yso/p12061', 'http://www.yso.fi/onto/yso/p28833', 'http://www.yso.fi/onto/yso/p28808', 'http://www.wikidata.org/entity/Q109671784', 'http://www.wikidata.org/entity/Q602446', 'http://www.wikidata.org/entity/Q19704669';
http://example.org/skos/ELB_concept_70;manga;Manga', 'manga';;https://data.bn.org.pl/api/institutions/authorities.json?id=1982756', 'https://aleph.nkp.cz/F/?func=find-c&local_base=aut&ccl_term=ica=ph527859', 'http://www.wikidata.org/entity/Q8274'
http://example.org/skos/ELB_concept_71;melodrama;melodram', 'melodrama', 'Melodramat', 'melodramy';http://www.yso.fi/onto/yso/p38042', 'http://www.wikidata.org/entity/Q15990865';https://aleph.nkp.cz/F/?func=find-c&local_base=aut&ccl_term=ica=ph122748', 'https://aleph.nkp.cz/F/?func=find-c&local_base=aut&ccl_term=ica=ph180969', 'https://aleph.nkp.cz/F/?func=find-c&local_base=aut&ccl_term=ica=ph122749', 'https://data.bn.org.pl/api/institutions/authorities.json?id=1004167', 'http://www.wikidata.org/entity/Q741702', 'http://www.wikidata.org/entity/Q191489'
http://example.org/skos/ELB_concept_72;memory;Memoria', 'paměť', 'Pamięć', 'vzpomínka', 'Vzpomínky', 'Wspomnienia';https://aleph.nkp.cz/F/?func=find-c&local_base=aut&ccl_term=ica=ph272088', 'http://www.yso.fi/onto/yso/p5935', 'http://www.yso.fi/onto/yso/p27025', 'http://www.yso.fi/onto/yso/p27121', 'https://data.bn.org.pl/api/institutions/authorities.json?id=3581204', 'http://www.yso.fi/onto/yso/p19087', 'http://www.yso.fi/onto/yso/p13859', 'http://www.yso.fi/onto/yso/p2607', 'https://aleph.nkp.cz/F/?func=find-c&local_base=aut&ccl_term=ica=ph222850', 'http://www.yso.fi/onto/yso/p15809', 'http://www.yso.fi/onto/yso/p13896', 'http://www.yso.fi/onto/yso/p21159', 'http://www.yso.fi/onto/yso/p22037', 'https://aleph.nkp.cz/F/?func=find-c&local_base=aut&ccl_term=ica=ph114496', 'http://www.yso.fi/onto/yso/p2608', 'http://www.yso.fi/onto/yso/p28081', 'http://www.yso.fi/onto/yso/p21046', 'http://www.yso.fi/onto/yso/p27950', 'http://www.yso.fi/onto/yso/p8109', 'http://www.yso.fi/onto/yso/p2336', 'http://www.wikidata.org/entity/Q112569602', 'http://www.wikidata.org/entity/Q254217', 'http://www.wikidata.org/entity/Q558929', 'http://www.wikidata.org/entity/Q3072083', 'http://www.wikidata.org/entity/Q492', 'http://www.wikidata.org/entity/Q166118', 'http://www.wikidata.org/entity/Q1497649', 'http://www.wikidata.org/entity/Q160710', 'http://www.wikidata.org/entity/Q18601', 'http://www.wikidata.org/entity/Q18599', 'http://www.wikidata.org/entity/Q682304', 'http://www.wikidata.org/entity/Q1422907';https://aleph.nkp.cz/F/?func=find-c&local_base=aut&ccl_term=ica=ph123922', 'https://aleph.nkp.cz/F/?func=find-c&local_base=aut&ccl_term=ica=ph524440', 'http://www.wikidata.org/entity/Q492', 'http://www.wikidata.org/entity/Q18733'
http://example.org/skos/ELB_concept_73;miniature;miniatyyrit';http://www.yso.fi/onto/yso/p18636', 'https://aleph.nkp.cz/F/?func=find-c&local_base=aut&ccl_term=ica=ph115323', 'https://data.bn.org.pl/api/institutions/authorities.json?id=1010340', 'https://aleph.nkp.cz/F/?func=find-c&local_base=aut&ccl_term=ica=ph122892', 'https://data.bn.org.pl/api/institutions/authorities.json?id=1004294', 'http://www.yso.fi/onto/yso/p17521', 'http://www.wikidata.org/entity/Q6498959', 'http://www.wikidata.org/entity/Q38999', 'http://www.wikidata.org/entity/Q855753', 'http://www.wikidata.org/entity/Q282129';http://www.yso.fi/onto/yso/p8101'
http://example.org/skos/ELB_concept_74;miniature novel;pienoisromaanit';;http://www.yso.fi/onto/yso/p5306'
http://example.org/skos/ELB_concept_75;miscellanea;;https://data.bn.org.pl/api/institutions/authorities.json?id=3581679';
http://example.org/skos/ELB_concept_76;monograph;Monografia', 'monografie';;https://aleph.nkp.cz/F/?func=find-c&local_base=aut&ccl_term=ica=ph116457', 'https://data.bn.org.pl/api/institutions/authorities.json?id=3576029', 'http://www.wikidata.org/entity/Q193495'
http://example.org/skos/ELB_concept_77;musical;Film muzyczny', 'Musical', 'Musicales', 'musikaalit', 'muzikál', 'muzikály';http://www.yso.fi/onto/yso/p618', 'https://data.bn.org.pl/api/institutions/authorities.json?id=36084104', 'http://www.yso.fi/onto/yso/p17513', 'https://data.bn.org.pl/api/institutions/authorities.json?id=1205462', 'https://aleph.nkp.cz/F/?func=find-c&local_base=aut&ccl_term=ica=ph135177', 'http://www.yso.fi/onto/yso/p28008', 'https://aleph.nkp.cz/F/?func=find-c&local_base=aut&ccl_term=ica=ph625790', 'http://www.yso.fi/onto/yso/p19623', 'https://aleph.nkp.cz/F/?func=find-c&local_base=aut&ccl_term=ica=ph120898', 'https://aleph.nkp.cz/F/?func=find-c&local_base=aut&ccl_term=ica=ph120924', 'https://aleph.nkp.cz/F/?func=find-c&local_base=aut&ccl_term=ica=ph196682', 'https://aleph.nkp.cz/F/?func=find-c&local_base=aut&ccl_term=ica=ph173237', 'https://aleph.nkp.cz/F/?func=find-c&local_base=aut&ccl_term=ica=ph120915', 'https://aleph.nkp.cz/F/?func=find-c&local_base=aut&ccl_term=ica=ph120919', 'https://aleph.nkp.cz/F/?func=find-c&local_base=aut&ccl_term=ica=ph138943', 'http://www.yso.fi/onto/yso/p29963', 'http://www.yso.fi/onto/yso/p1884', 'https://aleph.nkp.cz/F/?func=find-c&local_base=aut&ccl_term=ica=ph1067525', 'http://www.yso.fi/onto/yso/p7110', 'https://aleph.nkp.cz/F/?func=find-c&local_base=aut&ccl_term=ica=ph120897', 'https://data.bn.org.pl/api/institutions/authorities.json?id=1205460', 'http://www.yso.fi/onto/yso/p12941', 'https://aleph.nkp.cz/F/?func=find-c&local_base=aut&ccl_term=ica=ph120914', 'https://aleph.nkp.cz/F/?func=find-c&local_base=aut&ccl_term=ica=ph137571', 'https://aleph.nkp.cz/F/?func=find-c&local_base=aut&ccl_term=ica=ph120922', 'http://www.yso.fi/onto/yso/p1793', 'https://aleph.nkp.cz/F/?func=find-c&local_base=aut&ccl_term=ica=ph135171', 'http://www.yso.fi/onto/yso/p37995', 'https://data.bn.org.pl/api/institutions/authorities.json?id=1006640', 'https://aleph.nkp.cz/F/?func=find-c&local_base=aut&ccl_term=ica=ph120932', 'https://aleph.nkp.cz/F/?func=find-c&local_base=aut&ccl_term=ica=ph170441', 'https://aleph.nkp.cz/F/?func=find-c&local_base=aut&ccl_term=ica=ph683444', 'https://aleph.nkp.cz/F/?func=find-c&local_base=aut&ccl_term=ica=ph120908', 'http://www.yso.fi/onto/yso/p617', 'https://aleph.nkp.cz/F/?func=find-c&local_base=aut&ccl_term=ica=ph114725', 'https://aleph.nkp.cz/F/?func=find-c&local_base=aut&ccl_term=ica=ph120934', 'http://www.yso.fi/onto/yso/p1745', 'http://www.yso.fi/onto/yso/p14243', 'https://data.bn.org.pl/api/institutions/authorities.json?id=1000000772796', 'http://www.yso.fi/onto/yso/p3695', 'http://www.wikidata.org/entity/Q34379', 'http://www.wikidata.org/entity/Q179651', 'http://www.wikidata.org/entity/Q53831', 'http://www.wikidata.org/entity/Q6942562', 'http://www.wikidata.org/entity/Q842256', 'http://www.wikidata.org/entity/Q1544924', 'http://www.wikidata.org/entity/Q170406', 'http://www.wikidata.org/entity/Q602446', 'http://www.wikidata.org/entity/Q163829', 'http://www.wikidata.org/entity/Q1955326', 'http://www.wikidata.org/entity/Q504514', 'http://www.wikidata.org/entity/Q1370345', 'http://www.wikidata.org/entity/Q908349', 'http://www.wikidata.org/entity/Q1668139', 'http://www.wikidata.org/entity/Q215380', 'http://www.wikidata.org/entity/Q27908', 'http://www.wikidata.org/entity/Q233861', 'http://www.wikidata.org/entity/Q1955150', 'http://www.wikidata.org/entity/Q9357442', 'http://www.wikidata.org/entity/Q2188189', 'http://www.wikidata.org/entity/Q11748889', 'http://www.wikidata.org/entity/Q2250960', 'http://www.wikidata.org/entity/Q1327500';https://aleph.nkp.cz/F/?func=find-c&local_base=aut&ccl_term=ica=ph123058', 'https://data.bn.org.pl/api/institutions/authorities.json?id=1177747', 'http://www.yso.fi/onto/yso/p11693', 'https://datos.bne.es/tema/XX5577262', 'https://aleph.nkp.cz/F/?func=find-c&local_base=aut&ccl_term=ica=ph123057', 'http://www.wikidata.org/entity/Q2743'
http://example.org/skos/ELB_concept_78;narrative;narativ', 'narativita';https://aleph.nkp.cz/F/?func=find-c&local_base=aut&ccl_term=ica=ph521129', 'https://aleph.nkp.cz/F/?func=find-c&local_base=aut&ccl_term=ica=ph123168', 'https://aleph.nkp.cz/F/?func=find-c&local_base=aut&ccl_term=ica=ph550166', 'http://www.yso.fi/onto/yso/p20810', 'https://aleph.nkp.cz/F/?func=find-c&local_base=aut&ccl_term=ica=ph161936', 'http://www.yso.fi/onto/yso/p25857', 'http://www.yso.fi/onto/yso/p28731', 'http://www.yso.fi/onto/yso/p25858', 'http://www.yso.fi/onto/yso/p28953', 'http://www.yso.fi/onto/yso/p15932', 'http://www.yso.fi/onto/yso/p25660', 'http://www.yso.fi/onto/yso/p22220', 'http://www.wikidata.org/entity/Q745775', 'http://www.wikidata.org/entity/Q1965353', 'http://www.wikidata.org/entity/Q17108519', 'http://www.wikidata.org/entity/Q12745348', 'http://www.wikidata.org/entity/Q2915313';https://aleph.nkp.cz/F/?func=find-c&local_base=aut&ccl_term=ica=ph752786', 'http://www.wikidata.org/entity/Q6966232'
http://example.org/skos/ELB_concept_79;novel;novels', 'Powieśc', 'Powieści', 'Powieść', 'romaanit', 'romány';https://data.bn.org.pl/api/institutions/authorities.json?id=3582424', 'http://www.yso.fi/onto/yso/p16071', 'http://www.yso.fi/onto/yso/p29702', 'https://aleph.nkp.cz/F/?func=find-c&local_base=aut&ccl_term=ica=ph969574', 'http://www.yso.fi/onto/yso/p29280', 'http://www.yso.fi/onto/yso/p35397', 'http://www.yso.fi/onto/yso/p10095', 'https://data.bn.org.pl/api/institutions/authorities.json?id=3607474', 'https://datos.bne.es/tema/XX544067', 'http://www.yso.fi/onto/yso/p22538', 'https://data.bn.org.pl/api/institutions/authorities.json?id=3746088', 'http://www.yso.fi/onto/yso/p18815', 'http://www.yso.fi/onto/yso/p24256', 'https://data.bn.org.pl/api/institutions/authorities.json?id=3604346', 'https://datos.bne.es/tema/XX539838', 'https://datos.bne.es/tema/XX538133', 'https://data.bn.org.pl/api/institutions/authorities.json?id=3645584', 'https://aleph.nkp.cz/F/?func=find-c&local_base=aut&ccl_term=ica=ph500515', 'http://www.yso.fi/onto/yso/p29701', 'https://data.bn.org.pl/api/institutions/authorities.json?id=2455372', 'https://datos.bne.es/tema/XX5118414', 'http://www.yso.fi/onto/yso/p15160', 'http://www.yso.fi/onto/yso/p29719', 'http://www.yso.fi/onto/yso/p19812', 'http://www.yso.fi/onto/yso/p14218', 'http://www.yso.fi/onto/yso/p21268', 'http://www.yso.fi/onto/yso/p28501', 'https://aleph.nkp.cz/F/?func=find-c&local_base=aut&ccl_term=ica=ph214685', 'https://aleph.nkp.cz/F/?func=find-c&local_base=aut&ccl_term=ica=ph265661', 'https://data.bn.org.pl/api/institutions/authorities.json?id=2456001', 'https://aleph.nkp.cz/F/?func=find-c&local_base=aut&ccl_term=ica=ph897441', 'https://datos.bne.es/tema/XX548089', 'http://www.wikidata.org/entity/Q725377', 'http://www.wikidata.org/entity/Q112228685', 'http://www.wikidata.org/entity/Q5487012', 'http://www.wikidata.org/entity/Q948970', 'http://www.wikidata.org/entity/Q17010642', 'http://www.wikidata.org/entity/Q109581872', 'http://www.wikidata.org/entity/Q740919', 'http://www.wikidata.org/entity/Q1235156', 'http://www.wikidata.org/entity/Q12132683', 'http://www.wikidata.org/entity/Q858330', 'http://www.wikidata.org/entity/Q44563', 'http://www.wikidata.org/entity/Q4914883', 'http://www.wikidata.org/entity/Q583976', 'http://www.wikidata.org/entity/Q570341', 'http://www.wikidata.org/entity/Q783459', 'http://www.wikidata.org/entity/Q10522706';https://data.bn.org.pl/api/institutions/authorities.json?id=1007791', 'http://www.yso.fi/onto/yso/p1896', 'http://www.wikidata.org/entity/Q8261'
http://example.org/skos/ELB_concept_80;novella;;https://aleph.nkp.cz/F/?func=find-c&local_base=aut&ccl_term=ica=ph196664', 'https://aleph.nkp.cz/F/?func=find-c&local_base=aut&ccl_term=ica=ph525340', 'https://aleph.nkp.cz/F/?func=find-c&local_base=aut&ccl_term=ica=ph508958', 'https://aleph.nkp.cz/F/?func=find-c&local_base=aut&ccl_term=ica=ph120366', 'https://aleph.nkp.cz/F/?func=find-c&local_base=aut&ccl_term=ica=ph384549', 'http://www.yso.fi/onto/yso/p5306', 'https://aleph.nkp.cz/F/?func=find-c&local_base=aut&ccl_term=ica=ph1058901', 'http://www.wikidata.org/entity/Q149537';
http://example.org/skos/ELB_concept_81;occasional literature;Literatura okolicznościowa';;https://data.bn.org.pl/api/institutions/authorities.json?id=1000000034421'
http://example.org/skos/ELB_concept_82;occasional poetry;Poezja okolicznościowa', 'příležitostná poezie', 'příležitostná báseň', 'Wiersze okolicznościowe', 'Wiersze omkolicznościowe', 'occasional poems', 'tilapäisrunot';;https://data.bn.org.pl/api/institutions/authorities.json?id=3582255', 'http://www.yso.fi/onto/yso/p15117', 'http://www.wikidata.org/entity/Q1499591'
http://example.org/skos/ELB_concept_83;picture poetry;;http://www.yso.fi/onto/yso/p21495', 'http://www.wikidata.org/entity/Q1412196';
http://example.org/skos/ELB_concept_84;poem;báseň', 'básně', 'poéma', 'poemy', 'poémy', 'runo', 'Wiersze';http://www.yso.fi/onto/yso/p11744', 'http://www.yso.fi/onto/yso/p24644', 'http://www.yso.fi/onto/yso/p13533', 'http://www.yso.fi/onto/yso/p11311', 'https://aleph.nkp.cz/F/?func=find-c&local_base=aut&ccl_term=ica=ph126357', 'http://www.yso.fi/onto/yso/p28658', 'http://www.yso.fi/onto/yso/p15329', 'http://www.yso.fi/onto/yso/p17090', 'http://www.yso.fi/onto/yso/p9876', 'http://www.yso.fi/onto/yso/p15117', 'https://data.bn.org.pl/api/institutions/authorities.json?id=1955030', 'http://www.yso.fi/onto/yso/p28619', 'http://www.wikidata.org/entity/Q109564886', 'http://www.wikidata.org/entity/Q37484', 'http://www.wikidata.org/entity/Q5185279', 'http://www.wikidata.org/entity/Q1499591', 'http://www.wikidata.org/entity/Q109643965', 'http://www.wikidata.org/entity/Q271802', 'http://www.wikidata.org/entity/Q11869215', 'http://www.wikidata.org/entity/Q1756348';https://data.bn.org.pl/api/institutions/authorities.json?id=35822521'
http://example.org/skos/ELB_concept_85;poetic;;http://www.yso.fi/onto/yso/p37838', 'https://data.bn.org.pl/api/institutions/authorities.json?id=1000000038449';
http://example.org/skos/ELB_concept_86;poetry;básnictví', 'Poesía', 'Poetry', 'poezie', 'Poezja';https://aleph.nkp.cz/F/?func=find-c&local_base=aut&ccl_term=ica=ph125662', 'https://aleph.nkp.cz/F/?func=find-c&local_base=aut&ccl_term=ica=ph120249', 'https://aleph.nkp.cz/F/?func=find-c&local_base=aut&ccl_term=ica=ph124046', 'http://www.yso.fi/onto/yso/p9439', 'https://aleph.nkp.cz/F/?func=find-c&local_base=aut&ccl_term=ica=ph122199', 'https://aleph.nkp.cz/F/?func=find-c&local_base=aut&ccl_term=ica=ph126443', 'https://aleph.nkp.cz/F/?func=find-c&local_base=aut&ccl_term=ica=ph125601', 'https://aleph.nkp.cz/F/?func=find-c&local_base=aut&ccl_term=ica=ph423579', 'https://data.bn.org.pl/api/institutions/authorities.json?id=1001316', 'https://aleph.nkp.cz/F/?func=find-c&local_base=aut&ccl_term=ica=ph159598', 'https://aleph.nkp.cz/F/?func=find-c&local_base=aut&ccl_term=ica=ph122563', 'http://www.yso.fi/onto/yso/p25708', 'https://data.bn.org.pl/api/institutions/authorities.json?id=1003564', 'https://aleph.nkp.cz/F/?func=find-c&local_base=aut&ccl_term=ica=ph867513', 'https://aleph.nkp.cz/F/?func=find-c&local_base=aut&ccl_term=ica=ph126233', 'https://aleph.nkp.cz/F/?func=find-c&local_base=aut&ccl_term=ica=ph121289', 'https://aleph.nkp.cz/F/?func=find-c&local_base=aut&ccl_term=ica=ph125299', 'https://aleph.nkp.cz/F/?func=find-c&local_base=aut&ccl_term=ica=ph119971', 'https://aleph.nkp.cz/F/?func=find-c&local_base=aut&ccl_term=ica=ph572595', 'https://aleph.nkp.cz/F/?func=find-c&local_base=aut&ccl_term=ica=ph114518', 'https://aleph.nkp.cz/F/?func=find-c&local_base=aut&ccl_term=ica=ph121075', 'http://www.yso.fi/onto/yso/p25442', 'https://aleph.nkp.cz/F/?func=find-c&local_base=aut&ccl_term=ica=ph128209', 'https://data.bn.org.pl/api/institutions/authorities.json?id=3795182', 'https://aleph.nkp.cz/F/?func=find-c&local_base=aut&ccl_term=ica=ph175736', 'https://aleph.nkp.cz/F/?func=find-c&local_base=aut&ccl_term=ica=ph114815', 'https://aleph.nkp.cz/F/?func=find-c&local_base=aut&ccl_term=ica=ph231002', 'https://aleph.nkp.cz/F/?func=find-c&local_base=aut&ccl_term=ica=ph123464', 'https://aleph.nkp.cz/F/?func=find-c&local_base=aut&ccl_term=ica=ph119195', 'https://aleph.nkp.cz/F/?func=find-c&local_base=aut&ccl_term=ica=ph122447', 'https://data.bn.org.pl/api/institutions/authorities.json?id=3772932', 'https://aleph.nkp.cz/F/?func=find-c&local_base=aut&ccl_term=ica=ph639904', 'https://aleph.nkp.cz/F/?func=find-c&local_base=aut&ccl_term=ica=ph333365', 'https://aleph.nkp.cz/F/?func=find-c&local_base=aut&ccl_term=ica=ph503069', 'https://aleph.nkp.cz/F/?func=find-c&local_base=aut&ccl_term=ica=ph116362', 'https://aleph.nkp.cz/F/?func=find-c&local_base=aut&ccl_term=ica=ph121195', 'https://aleph.nkp.cz/F/?func=find-c&local_base=aut&ccl_term=ica=ph118796', 'https://aleph.nkp.cz/F/?func=find-c&local_base=aut&ccl_term=ica=ph138952', 'https://aleph.nkp.cz/F/?func=find-c&local_base=aut&ccl_term=ica=ph121237', 'fd133958', 'https://data.bn.org.pl/api/institutions/authorities.json?id=1001423', 'https://aleph.nkp.cz/F/?func=find-c&local_base=aut&ccl_term=ica=ph281879', 'https://aleph.nkp.cz/F/?func=find-c&local_base=aut&ccl_term=ica=ph196661', 'https://aleph.nkp.cz/F/?func=find-c&local_base=aut&ccl_term=ica=ph122409', 'https://aleph.nkp.cz/F/?func=find-c&local_base=aut&ccl_term=ica=ph121414', 'https://aleph.nkp.cz/F/?func=find-c&local_base=aut&ccl_term=ica=ph493970', 'https://aleph.nkp.cz/F/?func=find-c&local_base=aut&ccl_term=ica=ph382375', 'http://www.yso.fi/onto/yso/p1365', 'https://aleph.nkp.cz/F/?func=find-c&local_base=aut&ccl_term=ica=ph118447', 'https://aleph.nkp.cz/F/?func=find-c&local_base=aut&ccl_term=ica=ph128252', 'https://aleph.nkp.cz/F/?func=find-c&local_base=aut&ccl_term=ica=ph115803', 'https://aleph.nkp.cz/F/?func=find-c&local_base=aut&ccl_term=ica=ph503070', 'https://aleph.nkp.cz/F/?func=find-c&local_base=aut&ccl_term=ica=ph122481', 'https://aleph.nkp.cz/F/?func=find-c&local_base=aut&ccl_term=ica=ph124378', 'https://data.bn.org.pl/api/institutions/authorities.json?id=2096119', 'https://aleph.nkp.cz/F/?func=find-c&local_base=aut&ccl_term=ica=ph305415', 'https://aleph.nkp.cz/F/?func=find-c&local_base=aut&ccl_term=ica=ph118422', 'http://www.yso.fi/onto/yso/p28375', 'https://aleph.nkp.cz/F/?func=find-c&local_base=aut&ccl_term=ica=ph200841', 'https://aleph.nkp.cz/F/?func=find-c&local_base=aut&ccl_term=ica=ph115806', 'https://aleph.nkp.cz/F/?func=find-c&local_base=aut&ccl_term=ica=ph127889', 'https://aleph.nkp.cz/F/?func=find-c&local_base=aut&ccl_term=ica=ph272072', 'https://aleph.nkp.cz/F/?func=find-c&local_base=aut&ccl_term=ica=ph125331', 'https://aleph.nkp.cz/F/?func=find-c&local_base=aut&ccl_term=ica=ph125687', 'https://aleph.nkp.cz/F/?func=find-c&local_base=aut&ccl_term=ica=ph118723', 'https://aleph.nkp.cz/F/?func=find-c&local_base=aut&ccl_term=ica=ph325870', 'https://aleph.nkp.cz/F/?func=find-c&local_base=aut&ccl_term=ica=ph117038', 'https://aleph.nkp.cz/F/?func=find-c&local_base=aut&ccl_term=ica=ph242432', 'https://aleph.nkp.cz/F/?func=find-c&local_base=aut&ccl_term=ica=ph118597', 'https://aleph.nkp.cz/F/?func=find-c&local_base=aut&ccl_term=ica=ph122194', 'https://aleph.nkp.cz/F/?func=find-c&local_base=aut&ccl_term=ica=ph314782', 'https://aleph.nkp.cz/F/?func=find-c&local_base=aut&ccl_term=ica=ph119094', 'https://aleph.nkp.cz/F/?func=find-c&local_base=aut&ccl_term=ica=ph119679', 'https://aleph.nkp.cz/F/?func=find-c&local_base=aut&ccl_term=ica=ph150471', 'https://aleph.nkp.cz/F/?func=find-c&local_base=aut&ccl_term=ica=ph455183', 'https://aleph.nkp.cz/F/?func=find-c&local_base=aut&ccl_term=ica=ph114051', 'https://aleph.nkp.cz/F/?func=find-c&local_base=aut&ccl_term=ica=ph118281', 'https://aleph.nkp.cz/F/?func=find-c&local_base=aut&ccl_term=ica=ph123496', 'http://www.yso.fi/onto/yso/p14572', 'https://aleph.nkp.cz/F/?func=find-c&local_base=aut&ccl_term=ica=ph118560', 'https://aleph.nkp.cz/F/?func=find-c&local_base=aut&ccl_term=ica=ph118808', 'https://aleph.nkp.cz/F/?func=find-c&local_base=aut&ccl_term=ica=ph174223', 'http://www.yso.fi/onto/yso/p28767', 'https://aleph.nkp.cz/F/?func=find-c&local_base=aut&ccl_term=ica=ph214691', 'https://aleph.nkp.cz/F/?func=find-c&local_base=aut&ccl_term=ica=ph803475', 'https://data.bn.org.pl/api/institutions/authorities.json?id=1007273', 'https://aleph.nkp.cz/F/?func=find-c&local_base=aut&ccl_term=ica=ph127847', 'https://aleph.nkp.cz/F/?func=find-c&local_base=aut&ccl_term=ica=ph122201', 'https://aleph.nkp.cz/F/?func=find-c&local_base=aut&ccl_term=ica=ph118382', 'https://aleph.nkp.cz/F/?func=find-c&local_base=aut&ccl_term=ica=ph125012', 'https://aleph.nkp.cz/F/?func=find-c&local_base=aut&ccl_term=ica=ph333360', 'https://aleph.nkp.cz/F/?func=find-c&local_base=aut&ccl_term=ica=ph456954', 'https://aleph.nkp.cz/F/?func=find-c&local_base=aut&ccl_term=ica=ph553918', 'https://aleph.nkp.cz/F/?func=find-c&local_base=aut&ccl_term=ica=ph119026', 'https://aleph.nkp.cz/F/?func=find-c&local_base=aut&ccl_term=ica=ph229454', 'https://aleph.nkp.cz/F/?func=find-c&local_base=aut&ccl_term=ica=ph120065', 'https://data.bn.org.pl/api/institutions/authorities.json?id=3772931', 'https://data.bn.org.pl/api/institutions/authorities.json?id=1001432', 'https://aleph.nkp.cz/F/?func=find-c&local_base=aut&ccl_term=ica=ph294143', 'https://aleph.nkp.cz/F/?func=find-c&local_base=aut&ccl_term=ica=ph117174', 'https://aleph.nkp.cz/F/?func=find-c&local_base=aut&ccl_term=ica=ph118794', 'https://aleph.nkp.cz/F/?func=find-c&local_base=aut&ccl_term=ica=ph269109', 'https://aleph.nkp.cz/F/?func=find-c&local_base=aut&ccl_term=ica=ph122706', 'https://aleph.nkp.cz/F/?func=find-c&local_base=aut&ccl_term=ica=ph294147', 'https://aleph.nkp.cz/F/?func=find-c&local_base=aut&ccl_term=ica=ph489482', 'https://aleph.nkp.cz/F/?func=find-c&local_base=aut&ccl_term=ica=ph125650', 'https://aleph.nkp.cz/F/?func=find-c&local_base=aut&ccl_term=ica=ph125553', 'https://aleph.nkp.cz/F/?func=find-c&local_base=aut&ccl_term=ica=ph566138', 'https://aleph.nkp.cz/F/?func=find-c&local_base=aut&ccl_term=ica=ph125991', 'https://data.bn.org.pl/api/institutions/authorities.json?id=1004451', 'https://aleph.nkp.cz/F/?func=find-c&local_base=aut&ccl_term=ica=ph120345', 'https://aleph.nkp.cz/F/?func=find-c&local_base=aut&ccl_term=ica=ph314795', 'https://aleph.nkp.cz/F/?func=find-c&local_base=aut&ccl_term=ica=ph128259', 'https://data.bn.org.pl/api/institutions/authorities.json?id=35826897', 'http://www.yso.fi/onto/yso/p28242', 'https://aleph.nkp.cz/F/?func=find-c&local_base=aut&ccl_term=ica=ph121854', 'http://www.yso.fi/onto/yso/p4', 'https://aleph.nkp.cz/F/?func=find-c&local_base=aut&ccl_term=ica=ph121206', 'https://aleph.nkp.cz/F/?func=find-c&local_base=aut&ccl_term=ica=ph318994', 'https://aleph.nkp.cz/F/?func=find-c&local_base=aut&ccl_term=ica=ph449189', 'http://www.yso.fi/onto/yso/p28729', 'http://www.yso.fi/onto/yso/p29674', 'https://aleph.nkp.cz/F/?func=find-c&local_base=aut&ccl_term=ica=ph119168', 'https://aleph.nkp.cz/F/?func=find-c&local_base=aut&ccl_term=ica=ph332192', 'https://aleph.nkp.cz/F/?func=find-c&local_base=aut&ccl_term=ica=ph125130', 'https://aleph.nkp.cz/F/?func=find-c&local_base=aut&ccl_term=ica=ph123325', 'https://aleph.nkp.cz/F/?func=find-c&local_base=aut&ccl_term=ica=ph120367', 'https://aleph.nkp.cz/F/?func=find-c&local_base=aut&ccl_term=ica=ph162920', 'https://aleph.nkp.cz/F/?func=find-c&local_base=aut&ccl_term=ica=ph120654', 'https://aleph.nkp.cz/F/?func=find-c&local_base=aut&ccl_term=ica=ph136572', 'https://aleph.nkp.cz/F/?func=find-c&local_base=aut&ccl_term=ica=ph162926', 'https://aleph.nkp.cz/F/?func=find-c&local_base=aut&ccl_term=ica=ph136574', 'http://www.wikidata.org/entity/Q6093382', 'http://www.wikidata.org/entity/Q12759534', 'http://www.wikidata.org/entity/Q3401112', 'http://www.wikidata.org/entity/Q1808721', 'http://www.wikidata.org/entity/Q1069928', 'http://www.wikidata.org/entity/Q113783114', 'http://www.wikidata.org/entity/Q3426697', 'http://www.wikidata.org/entity/Q3906975', 'http://www.wikidata.org/entity/Q580340', 'http://www.wikidata.org/entity/Q1683305', 'http://www.wikidata.org/entity/Q7210060', 'http://www.wikidata.org/entity/Q1784354', 'http://www.wikidata.org/entity/Q8253972', 'http://www.wikidata.org/entity/Q112569686', 'http://www.wikidata.org/entity/Q2671604', 'http://www.wikidata.org/entity/Q113650117', 'http://www.wikidata.org/entity/Q3401097', 'http://www.wikidata.org/entity/Q4887695', 'http://www.wikidata.org/entity/Q6026483', 'http://www.wikidata.org/entity/Q109108751', 'http://www.wikidata.org/entity/Q174864', 'http://www.wikidata.org/entity/Q3401107', 'http://www.wikidata.org/entity/Q3943110', 'http://www.wikidata.org/entity/Q6496542', 'http://www.wikidata.org/entity/Q109570005', 'http://www.wikidata.org/entity/Q596594', 'http://www.wikidata.org/entity/Q4484338', 'http://www.wikidata.org/entity/Q3236984', 'http://www.wikidata.org/entity/Q107226151', 'http://www.wikidata.org/entity/Q5030855', 'http://www.wikidata.org/entity/Q115161045', 'http://www.wikidata.org/entity/Q5398439', 'http://www.wikidata.org/entity/Q3099146', 'http://www.wikidata.org/entity/Q1292502', 'http://www.wikidata.org/entity/Q27186004', 'http://www.wikidata.org/entity/Q7928675', 'http://www.wikidata.org/entity/Q182357', 'http://www.wikidata.org/entity/Q7232787', 'http://www.wikidata.org/entity/Q5450854', 'http://www.wikidata.org/entity/Q115160635', 'http://www.wikidata.org/entity/Q12361583', 'http://www.wikidata.org/entity/Q115161728', 'http://www.wikidata.org/entity/Q6102109', 'http://www.wikidata.org/entity/Q474090', 'http://www.wikidata.org/entity/Q3906965', 'http://www.wikidata.org/entity/Q15805624', 'http://www.wikidata.org/entity/Q107971457'];fd131936', 'https://data.bn.org.pl/api/institutions/authorities.json?id=1007609', 'https://aleph.nkp.cz/F/?func=find-c&local_base=aut&ccl_term=ica=ph117253', 'http://www.wikidata.org/entity/Q482'
http://example.org/skos/ELB_concept_87;poetry slam;Slam poetycki';https://aleph.nkp.cz/F/?func=find-c&local_base=aut&ccl_term=ica=ph820574', 'http://www.yso.fi/onto/yso/p24219', 'http://www.wikidata.org/entity/Q2293670', 'http://www.wikidata.org/entity/Q20852';
http://example.org/skos/ELB_concept_88;poetry song;;http://www.yso.fi/onto/yso/p1366', 'http://www.wikidata.org/entity/Q4400125';
http://example.org/skos/ELB_concept_89;polemic;;https://aleph.nkp.cz/F/?func=find-c&local_base=aut&ccl_term=ica=ph180961', 'https://data.bn.org.pl/api/institutions/authorities.json?id=3581812', 'https://data.bn.org.pl/api/institutions/authorities.json?id=2654233', 'https://aleph.nkp.cz/F/?func=find-c&local_base=aut&ccl_term=ica=ph138480', 'http://www.yso.fi/onto/yso/p8610', 'https://aleph.nkp.cz/F/?func=find-c&local_base=aut&ccl_term=ica=ph138482', 'http://www.wikidata.org/entity/Q27406';
http://example.org/skos/ELB_concept_90;popular literature;Literatura popularna', 'popular literature', 'populární literatura';;https://aleph.nkp.cz/F/?func=find-c&local_base=aut&ccl_term=ica=ph117902', 'https://data.bn.org.pl/api/institutions/authorities.json?id=3605456', 'http://www.wikidata.org/entity/Q2497655'
http://example.org/skos/ELB_concept_91;prose;prose', 'Proza', 'prózy';https://datos.bne.es/tema/XX558292', 'https://aleph.nkp.cz/F/?func=find-c&local_base=aut&ccl_term=ica=ph116861', 'https://aleph.nkp.cz/F/?func=find-c&local_base=aut&ccl_term=ica=ph995262', 'https://datos.bne.es/tema/XX4719500', 'http://www.yso.fi/onto/yso/p2127', 'http://www.wikidata.org/entity/Q113547767';https://data.bn.org.pl/api/institutions/authorities.json?id=1007995'
http://example.org/skos/ELB_concept_92;prose poetry;proosarunous';http://www.yso.fi/onto/yso/p5808', 'https://aleph.nkp.cz/F/?func=find-c&local_base=aut&ccl_term=ica=ph124187', 'http://www.wikidata.org/entity/Q1161145';
http://example.org/skos/ELB_concept_93;psychological novel;psychologické romány', 'psykologiset romaanit';;http://www.yso.fi/onto/yso/p29681'
http://example.org/skos/ELB_concept_94;queer literature;queerlitteratur';;http://www.yso.fi/onto/yso/p29690'
http://example.org/skos/ELB_concept_95;quote;;https://data.bn.org.pl/api/institutions/authorities.json?id=1000926', 'https://data.bn.org.pl/api/institutions/authorities.json?id=2289994';
http://example.org/skos/ELB_concept_96;reference;viitteet';https://aleph.nkp.cz/F/?func=find-c&local_base=aut&ccl_term=ica=ph125055', 'https://aleph.nkp.cz/F/?func=find-c&local_base=aut&ccl_term=ica=ph137162', 'http://www.yso.fi/onto/yso/p9544', 'http://www.yso.fi/onto/yso/p9160', 'http://www.yso.fi/onto/yso/p19523', 'http://www.yso.fi/onto/yso/p28154', 'http://www.yso.fi/onto/yso/p8850', 'http://www.wikidata.org/entity/Q10650311', 'http://www.wikidata.org/entity/Q2984552', 'http://www.wikidata.org/entity/Q15098095', 'http://www.wikidata.org/entity/Q13136', 'http://www.wikidata.org/entity/Q1932812';http://www.yso.fi/onto/yso/p6192'
http://example.org/skos/ELB_concept_97;regional literature;literarura regionální', 'literatura regionální', 'písemnictví regionální', 'regionální literatura';;https://aleph.nkp.cz/F/?func=find-c&local_base=aut&ccl_term=ica=ph125079', 'http://www.wikidata.org/entity/Q26929442'
http://example.org/skos/ELB_concept_98;religious literature;Literatura religijna', 'Literatura religiosa', 'náboženská literatura', 'religiös litteratur', 'uskonnollinen kirjallisuus', 'česká náboženská literatura';;https://aleph.nkp.cz/F/?func=find-c&local_base=aut&ccl_term=ica=ph115475', 'http://www.yso.fi/onto/yso/p7289', 'http://www.wikidata.org/entity/Q12617225'
http://example.org/skos/ELB_concept_99;religious poetry;náboženská poezie', 'uskonnolliset runot';;http://www.yso.fi/onto/yso/p12470', 'https://aleph.nkp.cz/F/?func=find-c&local_base=aut&ccl_term=ica=ph917886', 'http://www.wikidata.org/entity/Q14946913', 'http://www.wikidata.org/entity/Q1924246'
http://example.org/skos/ELB_concept_100;reportage;reportáž', 'Reportaż';http://www.yso.fi/onto/yso/p24938', 'https://data.bn.org.pl/api/institutions/authorities.json?id=3581581', 'http://www.yso.fi/onto/yso/p21431', 'http://www.yso.fi/onto/yso/p19654';https://data.bn.org.pl/api/institutions/authorities.json?id=1008325'
http://example.org/skos/ELB_concept_101;review;arvostelu', 'recenze', 'Recenzja', 'reviews';http://www.yso.fi/onto/yso/p7231', 'http://www.yso.fi/onto/yso/p6779', 'https://data.bn.org.pl/api/institutions/authorities.json?id=2386532', 'http://www.yso.fi/onto/yso/p28686', 'https://data.bn.org.pl/api/institutions/authorities.json?id=2386556', 'https://data.bn.org.pl/api/institutions/authorities.json?id=1000000012492', 'http://www.yso.fi/onto/yso/p28172', 'http://www.yso.fi/onto/yso/p3537', 'https://data.bn.org.pl/api/institutions/authorities.json?id=2386551', 'https://data.bn.org.pl/api/institutions/authorities.json?id=2386529', 'http://www.yso.fi/onto/yso/p6612', 'http://www.yso.fi/onto/yso/p6997', 'http://www.yso.fi/onto/yso/p15024', 'http://www.yso.fi/onto/yso/p14741', 'http://www.yso.fi/onto/yso/p16767', 'https://data.bn.org.pl/api/institutions/authorities.json?id=2386566', 'http://www.yso.fi/onto/yso/p9740', 'http://www.wikidata.org/entity/Q110163480', 'http://www.wikidata.org/entity/Q69699844', 'http://www.wikidata.org/entity/Q265158', 'http://www.wikidata.org/entity/Q637866', 'http://www.wikidata.org/entity/Q110419944', 'http://www.wikidata.org/entity/Q93404209', 'http://www.wikidata.org/entity/Q108492447';https://data.bn.org.pl/api/institutions/authorities.json?id=1008280', 'https://aleph.nkp.cz/F/?func=find-c&local_base=aut&ccl_term=ica=ph125047', 'http://www.wikidata.org/entity/Q265158'
http://example.org/skos/ELB_concept_102;satire;satiiri', 'satira', 'Satire', 'satiry', 'Satyra';https://aleph.nkp.cz/F/?func=find-c&local_base=aut&ccl_term=ica=ph136592', 'https://data.bn.org.pl/api/institutions/authorities.json?id=3761565', 'https://data.bn.org.pl/api/institutions/authorities.json?id=2742886', 'https://data.bn.org.pl/api/institutions/authorities.json?id=2646343', 'http://www.wikidata.org/entity/Q7225114';https://aleph.nkp.cz/F/?func=find-c&local_base=aut&ccl_term=ica=ph125426', 'http://www.yso.fi/onto/yso/p9241', 'https://data.bn.org.pl/api/institutions/authorities.json?id=1008678', 'http://www.wikidata.org/entity/Q128758'
http://example.org/skos/ELB_concept_103;science fiction;;https://aleph.nkp.cz/F/?func=find-c&local_base=aut&ccl_term=ica=ph397763', 'http://www.yso.fi/onto/yso/p15527', 'http://www.wikidata.org/entity/Q12132683', 'http://www.wikidata.org/entity/Q3238422';
http://example.org/skos/ELB_concept_104;short story;novelli', 'novellit';https://aleph.nkp.cz/F/?func=find-c&local_base=aut&ccl_term=ica=ph188872', 'https://aleph.nkp.cz/F/?func=find-c&local_base=aut&ccl_term=ica=ph206882', 'https://aleph.nkp.cz/F/?func=find-c&local_base=aut&ccl_term=ica=ph441056', 'https://aleph.nkp.cz/F/?func=find-c&local_base=aut&ccl_term=ica=ph114052', 'https://aleph.nkp.cz/F/?func=find-c&local_base=aut&ccl_term=ica=ph455184', 'https://aleph.nkp.cz/F/?func=find-c&local_base=aut&ccl_term=ica=ph916589', 'https://aleph.nkp.cz/F/?func=find-c&local_base=aut&ccl_term=ica=ph125663', 'https://aleph.nkp.cz/F/?func=find-c&local_base=aut&ccl_term=ica=ph128146', 'https://aleph.nkp.cz/F/?func=find-c&local_base=aut&ccl_term=ica=ph128216', 'https://aleph.nkp.cz/F/?func=find-c&local_base=aut&ccl_term=ica=ph120372', 'https://aleph.nkp.cz/F/?func=find-c&local_base=aut&ccl_term=ica=ph225462', 'https://aleph.nkp.cz/F/?func=find-c&local_base=aut&ccl_term=ica=ph294133', 'https://aleph.nkp.cz/F/?func=find-c&local_base=aut&ccl_term=ica=ph138470', 'https://aleph.nkp.cz/F/?func=find-c&local_base=aut&ccl_term=ica=ph125017', 'https://aleph.nkp.cz/F/?func=find-c&local_base=aut&ccl_term=ica=ph250076', 'https://aleph.nkp.cz/F/?func=find-c&local_base=aut&ccl_term=ica=ph125688', 'https://aleph.nkp.cz/F/?func=find-c&local_base=aut&ccl_term=ica=ph118392', 'https://aleph.nkp.cz/F/?func=find-c&local_base=aut&ccl_term=ica=ph861458', 'https://aleph.nkp.cz/F/?func=find-c&local_base=aut&ccl_term=ica=ph127835', 'https://aleph.nkp.cz/F/?func=find-c&local_base=aut&ccl_term=ica=ph225464', 'https://aleph.nkp.cz/F/?func=find-c&local_base=aut&ccl_term=ica=ph124459', 'https://data.bn.org.pl/api/institutions/authorities.json?id=1007109', 'https://aleph.nkp.cz/F/?func=find-c&local_base=aut&ccl_term=ica=ph262185', 'https://aleph.nkp.cz/F/?func=find-c&local_base=aut&ccl_term=ica=ph123465', 'https://aleph.nkp.cz/F/?func=find-c&local_base=aut&ccl_term=ica=ph125332', 'https://aleph.nkp.cz/F/?func=find-c&local_base=aut&ccl_term=ica=ph120077', 'https://aleph.nkp.cz/F/?func=find-c&local_base=aut&ccl_term=ica=ph218867', 'https://aleph.nkp.cz/F/?func=find-c&local_base=aut&ccl_term=ica=ph196668', 'https://aleph.nkp.cz/F/?func=find-c&local_base=aut&ccl_term=ica=ph202914', 'https://aleph.nkp.cz/F/?func=find-c&local_base=aut&ccl_term=ica=ph118562', 'https://aleph.nkp.cz/F/?func=find-c&local_base=aut&ccl_term=ica=ph203856', 'https://aleph.nkp.cz/F/?func=find-c&local_base=aut&ccl_term=ica=ph545379', 'https://aleph.nkp.cz/F/?func=find-c&local_base=aut&ccl_term=ica=ph122874', 'http://www.yso.fi/onto/yso/p26599', 'https://aleph.nkp.cz/F/?func=find-c&local_base=aut&ccl_term=ica=ph201913', 'http://www.wikidata.org/entity/Q725377', 'http://www.wikidata.org/entity/Q113806994', 'http://www.wikidata.org/entity/Q49084', 'http://www.wikidata.org/entity/Q5793771', 'http://www.wikidata.org/entity/Q21905924';http://www.yso.fi/onto/yso/p2126', 'http://www.wikidata.org/entity/Q49084'
http://example.org/skos/ELB_concept_105;song;Canciones', 'laulut', 'Pieśń', 'Piosenka', 'píseň', 'písně', 'písničky';https://aleph.nkp.cz/F/?func=find-c&local_base=aut&ccl_term=ica=ph224492', 'https://data.bn.org.pl/api/institutions/authorities.json?id=1007430', 'https://aleph.nkp.cz/F/?func=find-c&local_base=aut&ccl_term=ica=ph224036', 'https://aleph.nkp.cz/F/?func=find-c&local_base=aut&ccl_term=ica=ph224439', 'https://aleph.nkp.cz/F/?func=find-c&local_base=aut&ccl_term=ica=ph224460', 'http://www.yso.fi/onto/yso/p38247', 'http://www.yso.fi/onto/yso/p16293', 'https://aleph.nkp.cz/F/?func=find-c&local_base=aut&ccl_term=ica=ph312556', 'https://aleph.nkp.cz/F/?func=find-c&local_base=aut&ccl_term=ica=ph314842', 'https://aleph.nkp.cz/F/?func=find-c&local_base=aut&ccl_term=ica=ph335397', 'https://aleph.nkp.cz/F/?func=find-c&local_base=aut&ccl_term=ica=ph166548', 'https://aleph.nkp.cz/F/?func=find-c&local_base=aut&ccl_term=ica=ph124876', 'https://aleph.nkp.cz/F/?func=find-c&local_base=aut&ccl_term=ica=ph122981', 'https://aleph.nkp.cz/F/?func=find-c&local_base=aut&ccl_term=ica=ph224485', 'http://www.yso.fi/onto/yso/p18116', 'https://data.bn.org.pl/api/institutions/authorities.json?id=1201987', 'https://aleph.nkp.cz/F/?func=find-c&local_base=aut&ccl_term=ica=ph120043', 'https://aleph.nkp.cz/F/?func=find-c&local_base=aut&ccl_term=ica=ph224486', 'https://aleph.nkp.cz/F/?func=find-c&local_base=aut&ccl_term=ica=ph123518', 'https://data.bn.org.pl/api/institutions/authorities.json?id=1007094', 'https://aleph.nkp.cz/F/?func=find-c&local_base=aut&ccl_term=ica=ph119261', 'https://aleph.nkp.cz/F/?func=find-c&local_base=aut&ccl_term=ica=ph224489', 'https://aleph.nkp.cz/F/?func=find-c&local_base=aut&ccl_term=ica=ph125343', 'http://www.yso.fi/onto/yso/p28583', 'http://www.yso.fi/onto/yso/p4301', 'https://data.bn.org.pl/api/institutions/authorities.json?id=1007447', 'https://aleph.nkp.cz/F/?func=find-c&local_base=aut&ccl_term=ica=ph125675', 'https://aleph.nkp.cz/F/?func=find-c&local_base=aut&ccl_term=ica=ph224470', 'http://www.yso.fi/onto/yso/p10920', 'https://aleph.nkp.cz/F/?func=find-c&local_base=aut&ccl_term=ica=ph126867', 'https://aleph.nkp.cz/F/?func=find-c&local_base=aut&ccl_term=ica=ph224418', 'https://data.bn.org.pl/api/institutions/authorities.json?id=3723396', 'https://data.bn.org.pl/api/institutions/authorities.json?id=1002199', 'https://aleph.nkp.cz/F/?func=find-c&local_base=aut&ccl_term=ica=ph224468', 'https://aleph.nkp.cz/F/?func=find-c&local_base=aut&ccl_term=ica=ph138772', 'https://aleph.nkp.cz/F/?func=find-c&local_base=aut&ccl_term=ica=ph957062', 'https://aleph.nkp.cz/F/?func=find-c&local_base=aut&ccl_term=ica=ph128148', 'https://aleph.nkp.cz/F/?func=find-c&local_base=aut&ccl_term=ica=ph556554', 'http://www.yso.fi/onto/yso/p13243', 'https://aleph.nkp.cz/F/?func=find-c&local_base=aut&ccl_term=ica=ph198710', 'https://datos.bne.es/tema/XX528837', 'https://aleph.nkp.cz/F/?func=find-c&local_base=aut&ccl_term=ica=ph224414', 'https://aleph.nkp.cz/F/?func=find-c&local_base=aut&ccl_term=ica=ph194646', 'https://aleph.nkp.cz/F/?func=find-c&local_base=aut&ccl_term=ica=ph224467', 'http://www.yso.fi/onto/yso/p2370', 'https://aleph.nkp.cz/F/?func=find-c&local_base=aut&ccl_term=ica=ph114289', 'https://aleph.nkp.cz/F/?func=find-c&local_base=aut&ccl_term=ica=ph125634', 'https://aleph.nkp.cz/F/?func=find-c&local_base=aut&ccl_term=ica=ph315253', 'https://data.bn.org.pl/api/institutions/authorities.json?id=1007446', 'https://aleph.nkp.cz/F/?func=find-c&local_base=aut&ccl_term=ica=ph320413', 'http://www.yso.fi/onto/yso/p3139', 'https://aleph.nkp.cz/F/?func=find-c&local_base=aut&ccl_term=ica=ph114897', 'https://aleph.nkp.cz/F/?func=find-c&local_base=aut&ccl_term=ica=ph224491', 'https://aleph.nkp.cz/F/?func=find-c&local_base=aut&ccl_term=ica=ph224498', 'https://aleph.nkp.cz/F/?func=find-c&local_base=aut&ccl_term=ica=ph224376', 'https://aleph.nkp.cz/F/?func=find-c&local_base=aut&ccl_term=ica=ph124354', 'https://aleph.nkp.cz/F/?func=find-c&local_base=aut&ccl_term=ica=ph224365', 'https://aleph.nkp.cz/F/?func=find-c&local_base=aut&ccl_term=ica=ph117494', 'http://www.yso.fi/onto/yso/p24510', 'https://data.bn.org.pl/api/institutions/authorities.json?id=1010308', 'https://data.bn.org.pl/api/institutions/authorities.json?id=1005213', 'https://aleph.nkp.cz/F/?func=find-c&local_base=aut&ccl_term=ica=ph224481', 'https://aleph.nkp.cz/F/?func=find-c&local_base=aut&ccl_term=ica=ph125018', 'http://www.yso.fi/onto/yso/p13836', 'https://aleph.nkp.cz/F/?func=find-c&local_base=aut&ccl_term=ica=ph981064', 'https://aleph.nkp.cz/F/?func=find-c&local_base=aut&ccl_term=ica=ph117176', 'https://aleph.nkp.cz/F/?func=find-c&local_base=aut&ccl_term=ica=ph224393', 'https://aleph.nkp.cz/F/?func=find-c&local_base=aut&ccl_term=ica=ph321488', 'https://aleph.nkp.cz/F/?func=find-c&local_base=aut&ccl_term=ica=ph135840', 'https://aleph.nkp.cz/F/?func=find-c&local_base=aut&ccl_term=ica=ph122978', 'http://www.yso.fi/onto/yso/p27133', 'http://www.yso.fi/onto/yso/p16053', 'https://aleph.nkp.cz/F/?func=find-c&local_base=aut&ccl_term=ica=ph224351', 'https://aleph.nkp.cz/F/?func=find-c&local_base=aut&ccl_term=ica=ph224449', 'https://aleph.nkp.cz/F/?func=find-c&local_base=aut&ccl_term=ica=ph119704', 'https://aleph.nkp.cz/F/?func=find-c&local_base=aut&ccl_term=ica=ph320436', 'https://aleph.nkp.cz/F/?func=find-c&local_base=aut&ccl_term=ica=ph224416', 'https://aleph.nkp.cz/F/?func=find-c&local_base=aut&ccl_term=ica=ph224371', 'https://aleph.nkp.cz/F/?func=find-c&local_base=aut&ccl_term=ica=ph224331', 'http://www.yso.fi/onto/yso/p12465', 'http://www.yso.fi/onto/yso/p8501', 'https://aleph.nkp.cz/F/?func=find-c&local_base=aut&ccl_term=ica=ph352433', 'https://aleph.nkp.cz/F/?func=find-c&local_base=aut&ccl_term=ica=ph224415', 'https://aleph.nkp.cz/F/?func=find-c&local_base=aut&ccl_term=ica=ph556536', 'http://www.yso.fi/onto/yso/p18487', 'https://aleph.nkp.cz/F/?func=find-c&local_base=aut&ccl_term=ica=ph115070', 'https://data.bn.org.pl/api/institutions/authorities.json?id=1192350', 'https://data.bn.org.pl/api/institutions/authorities.json?id=2485338', 'https://aleph.nkp.cz/F/?func=find-c&local_base=aut&ccl_term=ica=ph224475', 'https://aleph.nkp.cz/F/?func=find-c&local_base=aut&ccl_term=ica=ph224404', 'https://aleph.nkp.cz/F/?func=find-c&local_base=aut&ccl_term=ica=ph119634', 'http://www.yso.fi/onto/yso/p6762', 'https://aleph.nkp.cz/F/?func=find-c&local_base=aut&ccl_term=ica=ph224440', 'http://www.wikidata.org/entity/Q11864138', 'http://www.wikidata.org/entity/Q1786016', 'http://www.wikidata.org/entity/Q23691', 'http://www.wikidata.org/entity/Q2312959', 'http://www.wikidata.org/entity/Q25452063', 'http://www.wikidata.org/entity/Q5151790', 'http://www.wikidata.org/entity/Q627181', 'http://www.wikidata.org/entity/Q484692', 'http://www.wikidata.org/entity/Q502658', 'http://www.wikidata.org/entity/Q856713', 'http://www.wikidata.org/entity/Q1443316', 'http://www.wikidata.org/entity/Q3482281', 'http://www.wikidata.org/entity/Q7148059', 'http://www.wikidata.org/entity/Q60723717', 'http://www.wikidata.org/entity/Q2894096', 'http://www.wikidata.org/entity/Q820119', 'http://www.wikidata.org/entity/Q602446', 'http://www.wikidata.org/entity/Q15974722', 'http://www.wikidata.org/entity/Q2165184', 'http://www.wikidata.org/entity/Q1523875', 'http://www.wikidata.org/entity/Q2599792', 'http://www.wikidata.org/entity/Q3843655', 'http://www.wikidata.org/entity/Q893466', 'http://www.wikidata.org/entity/Q193605', 'http://www.wikidata.org/entity/Q276', 'http://www.wikidata.org/entity/Q101515433', 'http://www.wikidata.org/entity/Q380233', 'http://www.wikidata.org/entity/Q261434', 'http://www.wikidata.org/entity/Q64138195', 'http://www.wikidata.org/entity/Q1997853', 'http://www.wikidata.org/entity/Q829147', 'http://www.wikidata.org/entity/Q48952271', 'http://www.wikidata.org/entity/Q94499224', 'http://www.wikidata.org/entity/Q2956147', 'http://www.wikidata.org/entity/Q20737114', 'http://www.wikidata.org/entity/Q111535905';http://www.yso.fi/onto/yso/p2371', 'https://aleph.nkp.cz/F/?func=find-c&local_base=aut&ccl_term=ica=ph115979', 'http://www.wikidata.org/entity/Q7366'
http://example.org/skos/ELB_concept_106;speech;Mowa', 'Mowy', 'projevy', 'proslovy', 'puheet', 'řeč';http://www.yso.fi/onto/yso/p16410', 'http://www.yso.fi/onto/yso/p12074', 'http://www.yso.fi/onto/yso/p24781', 'https://aleph.nkp.cz/F/?func=find-c&local_base=aut&ccl_term=ica=ph128299', 'http://www.yso.fi/onto/yso/p16415', 'https://aleph.nkp.cz/F/?func=find-c&local_base=aut&ccl_term=ica=ph258277', 'http://www.yso.fi/onto/yso/p15602', 'http://www.yso.fi/onto/yso/p10740', 'http://www.yso.fi/onto/yso/p983', 'https://aleph.nkp.cz/F/?func=find-c&local_base=aut&ccl_term=ica=ph119712', 'http://www.yso.fi/onto/yso/p28423', 'http://www.yso.fi/onto/yso/p11005', 'http://www.yso.fi/onto/yso/p15839', 'https://data.bn.org.pl/api/institutions/authorities.json?id=1237303', 'https://aleph.nkp.cz/F/?func=find-c&local_base=aut&ccl_term=ica=ph466386', 'http://www.yso.fi/onto/yso/p4677', 'http://www.yso.fi/onto/yso/p16849', 'https://aleph.nkp.cz/F/?func=find-c&local_base=aut&ccl_term=ica=ph250065', 'http://www.yso.fi/onto/yso/p9174', 'https://aleph.nkp.cz/F/?func=find-c&local_base=aut&ccl_term=ica=ph117229', 'https://aleph.nkp.cz/F/?func=find-c&local_base=aut&ccl_term=ica=ph164929', 'http://www.yso.fi/onto/yso/p2492', 'https://data.bn.org.pl/api/institutions/authorities.json?id=1000000026774', 'http://www.yso.fi/onto/yso/p7003', 'https://aleph.nkp.cz/F/?func=find-c&local_base=aut&ccl_term=ica=ph273332', 'https://aleph.nkp.cz/F/?func=find-c&local_base=aut&ccl_term=ica=ph124391', 'http://www.yso.fi/onto/yso/p6125', 'http://www.yso.fi/onto/yso/p12110', 'https://data.bn.org.pl/api/institutions/authorities.json?id=1204037', 'https://aleph.nkp.cz/F/?func=find-c&local_base=aut&ccl_term=ica=ph270280', 'http://www.yso.fi/onto/yso/p241', 'http://www.yso.fi/onto/yso/p7467', 'https://aleph.nkp.cz/F/?func=find-c&local_base=aut&ccl_term=ica=ph127473', 'http://www.yso.fi/onto/yso/p28546', 'http://www.yso.fi/onto/yso/p27675', 'https://data.bn.org.pl/api/institutions/authorities.json?id=1241060', 'http://www.yso.fi/onto/yso/p28296', 'https://aleph.nkp.cz/F/?func=find-c&local_base=aut&ccl_term=ica=ph772704', 'http://www.yso.fi/onto/yso/p6941', 'https://aleph.nkp.cz/F/?func=find-c&local_base=aut&ccl_term=ica=ph870566', 'https://aleph.nkp.cz/F/?func=find-c&local_base=aut&ccl_term=ica=ph126307', 'http://www.yso.fi/onto/yso/p20027', 'http://www.yso.fi/onto/yso/p8264', 'https://aleph.nkp.cz/F/?func=find-c&local_base=aut&ccl_term=ica=ph127457', 'http://www.yso.fi/onto/yso/p26304', 'http://www.wikidata.org/entity/Q25481968', 'http://www.wikidata.org/entity/Q96574230', 'http://www.wikidata.org/entity/Q1282114', 'http://www.wikidata.org/entity/Q11888973', 'http://www.wikidata.org/entity/Q2330667', 'http://www.wikidata.org/entity/Q3358061', 'http://www.wikidata.org/entity/Q16346', 'http://www.wikidata.org/entity/Q11762416', 'http://www.wikidata.org/entity/Q5576720', 'http://www.wikidata.org/entity/Q202064', 'http://www.wikidata.org/entity/Q2313227', 'http://www.wikidata.org/entity/Q40998', 'http://www.wikidata.org/entity/Q82042', 'http://www.wikidata.org/entity/Q182545', 'http://www.wikidata.org/entity/Q52946', 'http://www.wikidata.org/entity/Q33226', 'http://www.wikidata.org/entity/Q2313338', 'http://www.wikidata.org/entity/Q184943', 'http://www.wikidata.org/entity/Q189436', 'http://www.wikidata.org/entity/Q283987', 'http://www.wikidata.org/entity/Q10690327', 'http://www.wikidata.org/entity/Q11867548', 'http://www.wikidata.org/entity/Q87709273', 'http://www.wikidata.org/entity/Q10469820', 'http://www.wikidata.org/entity/Q249697', 'http://www.wikidata.org/entity/Q1808730', 'http://www.wikidata.org/entity/Q22692', 'http://www.wikidata.org/entity/Q653347';http://www.yso.fi/onto/yso/p7468', 'https://aleph.nkp.cz/F/?func=find-c&local_base=aut&ccl_term=ica=ph117285', 'https://data.bn.org.pl/api/institutions/authorities.json?id=1006612', 'https://aleph.nkp.cz/F/?func=find-c&local_base=aut&ccl_term=ica=ph124641', 'http://www.wikidata.org/entity/Q52946', 'http://www.wikidata.org/entity/Q861911'
http://example.org/skos/ELB_concept_107;spy literature;špionážní literatura';http://www.yso.fi/onto/yso/p5085', 'http://www.wikidata.org/entity/Q20664331';https://aleph.nkp.cz/F/?func=find-c&local_base=aut&ccl_term=ica=ph217887', 'http://www.wikidata.org/entity/Q20664331'
http://example.org/skos/ELB_concept_108;spy novel;špionážní romány', 'vakoiluromaanit';;
http://example.org/skos/ELB_concept_109;story;historky', 'Opowiadania', 'Opowiadanie', 'příběh', 'story';https://data.bn.org.pl/api/institutions/authorities.json?id=3643334', 'http://www.yso.fi/onto/yso/p28615', 'https://aleph.nkp.cz/F/?func=find-c&local_base=aut&ccl_term=ica=ph118858', 'https://data.bn.org.pl/api/institutions/authorities.json?id=3607445', 'http://www.yso.fi/onto/yso/p10903', 'http://www.yso.fi/onto/yso/p6133', 'https://aleph.nkp.cz/F/?func=find-c&local_base=aut&ccl_term=ica=ph171146', 'https://data.bn.org.pl/api/institutions/authorities.json?id=2164563', 'https://data.bn.org.pl/api/institutions/authorities.json?id=3713233', 'http://www.yso.fi/onto/yso/p28674', 'https://aleph.nkp.cz/F/?func=find-c&local_base=aut&ccl_term=ica=ph837961', 'https://data.bn.org.pl/api/institutions/authorities.json?id=1000000709112', 'http://www.yso.fi/onto/yso/p19305', 'https://data.bn.org.pl/api/institutions/authorities.json?id=3607464', 'http://www.yso.fi/onto/yso/p14345', 'http://www.yso.fi/onto/yso/p30183', 'http://www.yso.fi/onto/yso/p19257', 'http://www.yso.fi/onto/yso/p14710', 'http://www.yso.fi/onto/yso/p15905', 'https://data.bn.org.pl/api/institutions/authorities.json?id=3607393', 'http://www.yso.fi/onto/yso/p10767', 'http://www.yso.fi/onto/yso/p6185', 'http://www.yso.fi/onto/yso/p7686', 'https://data.bn.org.pl/api/institutions/authorities.json?id=3607477', 'https://data.bn.org.pl/api/institutions/authorities.json?id=1007109', 'http://www.yso.fi/onto/yso/p10423', 'https://data.bn.org.pl/api/institutions/authorities.json?id=3607467', 'https://aleph.nkp.cz/F/?func=find-c&local_base=aut&ccl_term=ica=ph124923', 'http://www.yso.fi/onto/yso/p10904', 'http://www.yso.fi/onto/yso/p4009', 'http://www.yso.fi/onto/yso/p30333', 'http://www.yso.fi/onto/yso/p33451', 'http://www.yso.fi/onto/yso/p24639', 'http://www.yso.fi/onto/yso/p21981', 'http://www.yso.fi/onto/yso/p15340', 'http://www.wikidata.org/entity/Q215304', 'http://www.wikidata.org/entity/Q856663', 'http://www.wikidata.org/entity/Q390248', 'http://www.wikidata.org/entity/Q1505819', 'http://www.wikidata.org/entity/Q189349', 'http://www.wikidata.org/entity/Q858330', 'http://www.wikidata.org/entity/Q1347298', 'http://www.wikidata.org/entity/Q1519335', 'http://www.wikidata.org/entity/Q21590660', 'http://www.wikidata.org/entity/Q1318295';
http://example.org/skos/ELB_concept_110;tale;Gawęda';http://www.yso.fi/onto/yso/p28489', 'http://www.yso.fi/onto/yso/p12552', 'http://www.yso.fi/onto/yso/p18228', 'http://www.yso.fi/onto/yso/p17861', 'http://www.yso.fi/onto/yso/p12551', 'https://aleph.nkp.cz/F/?func=find-c&local_base=aut&ccl_term=ica=ph342351', 'http://www.yso.fi/onto/yso/p4990', 'http://www.yso.fi/onto/yso/p19727', 'http://www.yso.fi/onto/yso/p21416', 'http://www.yso.fi/onto/yso/p13988', 'http://www.wikidata.org/entity/Q2516435', 'http://www.wikidata.org/entity/Q1951220', 'http://www.wikidata.org/entity/Q109578095', 'http://www.wikidata.org/entity/Q17991521', 'http://www.wikidata.org/entity/Q1957385', 'http://www.wikidata.org/entity/Q1221280', 'http://www.wikidata.org/entity/Q148453';https://data.bn.org.pl/api/institutions/authorities.json?id=3676027'
http://example.org/skos/ELB_concept_111;tragedy;Tragedia', 'tragédie';http://www.yso.fi/onto/yso/p14896', 'https://aleph.nkp.cz/F/?func=find-c&local_base=aut&ccl_term=ica=ph118449', 'http://www.yso.fi/onto/yso/p9238', 'http://www.wikidata.org/entity/Q80930';https://aleph.nkp.cz/F/?func=find-c&local_base=aut&ccl_term=ica=ph138352', 'https://data.bn.org.pl/api/institutions/authorities.json?id=1008575', 'http://www.wikidata.org/entity/Q80930'
http://example.org/skos/ELB_concept_112;travel literature;cestopisná literatura', 'Literatura de viajes', 'Literatura podróżnicza', 'matkakirjallisuus';https://datos.bne.es/tema/XX5462355';https://data.bn.org.pl/api/institutions/authorities.json?id=1840198', 'http://www.yso.fi/onto/yso/p5978', 'http://www.wikidata.org/entity/Q1072723'
http://example.org/skos/ELB_concept_113;visual poetry;Poezja wizualna', 'visuaalinen runous', 'vizuální poezie';;https://data.bn.org.pl/api/institutions/authorities.json?id=1602511', 'http://www.yso.fi/onto/yso/p29646', 'https://aleph.nkp.cz/F/?func=find-c&local_base=aut&ccl_term=ica=ph127123', 'http://www.wikidata.org/entity/Q2578278'
http://example.org/skos/ELB_concept_114;war diary;sotapäiväkirjat', 'válečné deníky';;http://www.yso.fi/onto/yso/p8693', 'http://www.wikidata.org/entity/Q1788866'
http://example.org/skos/ELB_concept_115;war literature;literatura válečná', 'sotakirjallisuus', 'válečná literatura'; 'http://www.wikidata.org/entity/Q908667';http://www.yso.fi/onto/yso/p16334'
http://example.org/skos/ELB_concept_116;war novel;sotaromaani';;
http://example.org/skos/ELB_concept_117;war story;Opowiadanie wojenne';;
http://example.org/skos/ELB_concept_118;youth literature;Literatura młodzieżowa';http://www.yso.fi/onto/yso/p5398', 'https://data.bn.org.pl/api/institutions/authorities.json?id=1003734', 'http://www.wikidata.org/entity/Q1233720';
http://example.org/skos/ELB_concept_119;youth novel;Powieść młodzieżowa';https://datos.bne.es/tema/XX546824', 'https://datos.bne.es/tema/XX546823';
http://example.org/skos/ELB_concept_120;youth story;Opowiadanie młodzieżowe';;
